ar,dates,fit_in_sample,param_1,param_2,q_residuals,residuals,seasonality,std_residuals
0.008436139880507655,2000-01-01,10.701872741250162,4.965220564201794,0.03487290896631853,Inf,0.0,1.7537490203783626,0.0
1.040550985111106,2000-02-01,10.906535233106181,10.906535233106181,0.03487290896631853,0.07483482052361186,0.013974871058101357,1.8511920714759051,0.07483482052361194
1.0415741601371962,2000-03-01,10.849064099832646,10.849064099832646,0.03487290896631853,-0.2277632861302669,-0.04253317550799274,1.746084483609637,-0.22776328613026678
1.0094007629677688,2000-04-01,10.58001941988334,10.58001941988334,0.03487290896631853,-1.369537020256317,-0.25575130846127436,1.3767250089186522,-1.3695370202563173
0.8757483363017754,2000-05-01,10.113795055509007,10.113795055509007,0.03487290896631853,-1.0851122142090857,-0.20263699666865875,0.9955265357087837,-1.0851122142090854
0.8201146672683997,2000-06-01,9.937599199847055,9.937599199847055,0.03487290896631853,-0.8423171739979278,-0.15729674788130588,0.891326245365833,-0.8423171739979275
0.8050570585476828,2000-07-01,9.69497594605777,9.69497594605777,0.03487290896631853,0.10489451827547208,0.0195883060498403,0.7123848439838035,0.10489451827547222
0.8789342935110441,2000-08-01,9.601914874116668,9.601914874116668,0.03487290896631853,0.43735991730233476,0.08167385727013965,0.5945234832959334,0.4373599173023346
0.9659314403451883,2000-09-01,9.62119790650591,9.62119790650591,0.03487290896631853,3.016376734849296,0.5632869249532764,0.5515103101021175,3.0163767348492962
1.3525959792500348,2000-10-01,10.123556652569304,10.123556652569304,0.03487290896631853,-2.3416832431584385,-0.43729270883639515,0.6508838221445613,-2.341683243158434
0.9623948017999431,2000-11-01,10.076567864070842,10.076567864070842,0.03487290896631853,-0.026465259884646077,-0.004942199257234492,0.8727931501428653,-0.026465259884646083
0.9776305353416269,2000-12-01,10.532706134274303,10.532706134274303,0.03487290896631853,-0.2860625891335582,-0.0534201561481229,1.3557767237930478,-0.2860625891335582
0.9612511958574195,2001-01-01,10.774627969708074,10.774627969708074,0.03487290896631853,-1.9312908827378625,-0.36065485121905994,1.7562702977588633,-1.931290882737858
0.7984297217067862,2001-02-01,10.641256168968411,10.641256168968411,0.03487290896631853,-1.1422463742762083,-0.213306395143384,1.8504140497596255,-1.1422463742762081
0.7659285941353454,2001-03-01,10.54106870478121,10.54106870478121,0.03487290896631853,-1.2114698154714656,-0.226233380978762,1.7450443401891738,-1.2114698154714656
0.7393322126617478,2001-04-01,10.268234283760952,10.268234283760952,0.03487290896631853,-1.186190043350437,-0.22151256313891565,1.3761463969146428,-1.1861900433504367
0.7238675816187232,2001-05-01,9.92425326423367,9.92425326423367,0.03487290896631853,-0.41753227248222174,-0.07797118546832138,0.996451305098445,-0.4175322724822217
0.774127219635751,2001-06-01,9.879470887962233,9.879470887962233,0.03487290896631853,-0.6600839477179985,-0.12326598757554308,0.890951637465405,-0.6600839477179984
0.7894279577066419,2001-07-01,9.676807987598187,9.676807987598187,0.03487290896631853,-0.4286611294155983,-0.08004942043407404,0.7134090040959277,-0.42866112941559825
0.8197525835637808,2001-08-01,9.5297544325548,9.5297544325548,0.03487290896631853,-0.49030841768640476,-0.09156161353667258,0.5930669842138778,-0.49030841768640476
0.8353773946688586,2001-09-01,9.475392761934453,9.475392761934453,0.03487290896631853,0.14029078493429153,0.026198307370536966,0.5511817751281484,0.1402907849342916
0.9044981312995385,2001-10-01,9.723784292522511,9.723784292522511,0.03487290896631853,0.8453685217991198,0.15786656540444177,0.6525968382702191,0.8453685217991198
1.0282570698535365,2001-11-01,10.145216448866126,10.145216448866126,0.03487290896631853,-0.7144194299412847,-0.13341275284653875,0.8749366220538705,-0.7144194299412844
0.9504281345148082,2001-12-01,10.50406649251538,10.50406649251538,0.03487290896631853,-0.29904626066398876,-0.055844764562079874,1.3552069159650049,-0.2990462606639888
0.9418435285460992,2002-01-01,10.75261923419409,10.75261923419409,0.03487290896631853,0.4628402349366062,0.08643212555977975,1.753441250047243,0.4628402349366061
1.0147401037453605,2002-02-01,10.878544155893787,10.878544155893787,0.03487290896631853,0.6903854631409494,0.12892458029932996,1.845880795076469,0.6903854631409493
1.0930536333259142,2002-03-01,10.899163180782901,10.899163180782901,0.03487290896631853,-1.3141911919134357,-0.2454158682305927,1.7493299530242918,-1.314191191913436
0.9294566576806199,2002-04-01,10.496666726858331,10.496666726858331,0.03487290896631853,-1.6200162145244126,-0.302526518425589,1.3755680280905338,-1.6200162145244124
0.8066895132643549,2002-05-01,10.035036504651085,10.035036504651085,0.03487290896631853,0.6450265625876971,0.12045412787980503,0.9988984661271656,0.645026562587697
0.9319341789093342,2002-06-01,10.066608975960412,10.066608975960412,0.03487290896631853,-1.2136853928009725,-0.22664712430416145,0.8923891220067715,-1.2136853928009725
0.8436618545116449,2002-07-01,9.743671546406807,9.743671546406807,0.03487290896631853,-0.1957981204359757,-0.03656390791567432,0.71370896274456,-0.19579812043597578
0.8787018040027686,2002-08-01,9.600809586554215,9.600809586554215,0.03487290896631853,0.061348000467150825,0.011456303231598852,0.5940238539091034,0.061348000467150894
0.9280656831541378,2002-09-01,9.581032048878477,9.581032048878477,0.03487290896631853,0.4928462911358155,0.09203554337266517,0.551413524011985,0.4928462911358153
1.0079098957386121,2002-10-01,9.827552748092216,9.827552748092216,0.03487290896631853,-2.384894581065309,-0.4453621191893742,0.6496762606244425,-2.3848945810653044
0.7856980674460201,2002-11-01,9.872523925209725,9.872523925209725,0.03487290896631853,0.29620788563058803,0.05531471819023359,0.8717536132090545,0.29620788563058814
0.882323648480179,2002-12-01,10.429292508810402,10.429292508810402,0.03487290896631853,-0.37108909544384117,-0.06929825211859608,1.354637347616631,-0.37108909544384117
0.8889949099738946,2003-01-01,10.695291958734284,10.695291958734284,0.03487290896631853,1.0431222199998116,0.19479566357399491,1.754178498757029,1.0431222199998114
1.0378449263624883,2003-02-01,10.900637638817829,10.900637638817829,0.03487290896631853,0.2216613159025667,0.04139367592028975,1.845105005591217,0.22166131590256666
1.0560367616349644,2003-03-01,10.86513126960154,10.86513126960154,0.03487290896631853,-0.9704172576523374,-0.18121852839840535,1.7500654731056322,-0.9704172576523374
0.9417834926797239,2003-04-01,10.50535659964966,10.50535659964966,0.03487290896631853,0.23844087172277584,0.04452713875696013,1.3694119252756078,0.2384408717227757
0.9908792483184284,2003-05-01,10.241110700738721,10.241110700738721,0.03487290896631853,-0.7585041706157547,-0.14164526496115215,0.9993184611542834,-0.7585041706157544
0.9226804229046434,2003-06-01,10.056209354624112,10.056209354624112,0.03487290896631853,-0.5839038791457223,-0.10903990100186078,0.8920140673989909,-0.5839038791457222
0.8957899348969826,2003-07-01,9.804046086040678,9.804046086040678,0.03487290896631853,-0.038245197460821646,-0.0071420189073343465,0.7140090475132587,-0.03824519746082171
0.9303313576052549,2003-08-01,9.661549433678852,9.661549433678852,0.03487290896631853,-0.49264170364333787,-0.09199733811196609,0.5961927960876907,-0.49264170364333776
0.9095343031249307,2003-09-01,9.561282622856302,9.561282622856302,0.03487290896631853,-0.1642471526241922,-0.03067198883518607,0.5516453703365346,-0.16424715262419212
0.9274744774240394,2003-10-01,9.743963599297143,9.743963599297143,0.03487290896631853,-0.8922523416292917,-0.16662178566492436,0.6494032137336809,-0.8922523416292916
0.8700502765701095,2003-11-01,9.983052696198667,9.983052696198667,0.03487290896631853,-0.5029248888285242,-0.09391764988694007,0.8792393711087172,-0.502924888828524
0.8684310380704732,2003-12-01,10.413001380954515,10.413001380954515,0.03487290896631853,-0.3650307996571327,-0.06816690842245698,1.3540680186472767,-0.36503079965713275
0.880099388208271,2004-01-01,10.68159066956906,10.68159066956906,0.03487290896631853,-0.2101387970732939,-0.0392419273923057,1.7477968186030715,-0.2101387970732938
0.902733984646862,2004-02-01,10.764808523663595,10.764808523663595,0.03487290896631853,1.5385796101694051,0.2873188111402918,1.851841984323997,1.5385796101694051
1.1051069115042882,2004-03-01,10.910970725359412,10.910970725359412,0.03487290896631853,0.08381028171887413,0.01565097466886911,1.750801302442404,0.08381028171887422
1.0857350871944433,2004-04-01,10.647173355895038,10.647173355895038,0.03487290896631853,0.066092341647808,0.012342275240236233,1.3688363868251072,0.06609234164780793
1.0708659734843629,2004-05-01,10.31509632182295,10.31509632182295,0.03487290896631853,0.6878200367073729,0.12844550513929853,0.9956829526837642,0.687820036707373
1.1331398706760671,2004-06-01,10.257188761379966,10.257188761379966,0.03487290896631853,0.4636530762973247,0.08658391790894626,0.8880220217864664,0.46365307629732466
1.1495426273027973,2004-07-01,10.057944936159764,10.057944936159764,0.03487290896631853,0.5256815624769594,0.0981672970127434,0.7172188290451319,0.5256815624769593
1.1683787686102103,2004-08-01,9.884895650413737,9.884895650413737,0.03487290896631853,-0.4867023097327096,-0.0908881984964296,0.5935246444039619,-0.48670230973270956
1.0611801926932443,2004-09-01,9.719972227314067,9.719972227314067,0.03487290896631853,-0.9058850518715853,-0.1691675974471334,0.5541252564500464,-0.905885051871585
0.9513537839146331,2004-10-01,9.764898967602132,9.764898967602132,0.03487290896631853,0.8518516919061049,0.15907725136131212,0.6464969285696998,0.8518516919061045
1.0645968356961255,2004-11-01,10.173078541466632,10.173078541466632,0.03487290896631853,-0.3917744286595299,-0.07316109113471825,0.8689473865927739,-0.3917744286595297
1.0067527245980368,2004-12-01,10.564443129444447,10.564443129444447,0.03487290896631853,-0.25248225344073344,-0.047149267033784525,1.3590120881808334,-0.25248225344073344
0.983952528499173,2005-01-01,10.797618840910339,10.797618840910339,0.03487290896631853,1.2759271135560897,0.23827032344997434,1.7556539262536812,1.2759271135560892
1.1390616805593696,2005-02-01,10.9928553584418,10.9928553584418,0.03487290896631853,-0.5352639097205404,-0.09995673228132596,1.8435544046335046,-0.5352639097205403
1.03780545627958,2005-03-01,10.844492366587401,10.844492366587401,0.03487290896631853,-0.08330246975454011,-0.015556144392352422,1.7444319084877755,-0.08330246975454007
1.0224571264069853,2005-04-01,10.590769397947,10.590769397947,0.03487290896631853,-0.8744280996951534,-0.1632932351185996,1.3738343796757884,-0.8744280996951534
0.9309110816297735,2005-05-01,10.179522526028125,10.179522526028125,0.03487290896631853,0.4065689725324102,0.07592386709302623,1.000158981053793,0.40656897253241014
1.0008036864457732,2005-06-01,10.136644320476693,10.136644320476693,0.03487290896631853,0.15722863668540263,0.029361330847667233,0.891264431002682,0.15722863668540274
1.023478792667679,2005-07-01,9.938143572312875,9.938143572312875,0.03487290896631853,-0.2402119886573774,-0.04485788226134346,0.71460959562299,-0.2402119886573773
0.996233458125715,2005-08-01,9.721019516140139,9.721019516140139,0.03487290896631853,-0.29467263553678785,-0.055028021142620176,0.5908684335444998,-0.2946726355367877
0.9726533548811074,2005-09-01,9.637348385776573,9.637348385776573,0.03487290896631853,1.058673279961087,0.19769971353703397,0.5566162907313251,1.058673279961087
1.1045294124800138,2005-10-01,9.925962217924548,9.925962217924548,0.03487290896631853,0.44740994882377977,0.08355062925488355,0.6541541659135327,0.4474099488237799
1.1279544658877476,2005-11-01,10.235373518237104,10.235373518237104,0.03487290896631853,-0.21479947212587128,-0.040112275345942194,0.8728536834154427,-0.2147994721258713
1.0665573237907278,2005-12-01,10.617663748216785,10.617663748216785,0.03487290896631853,1.3032444183562115,0.2433716360416991,1.352930078443245,1.3032444183562115
1.2061581456146613,2006-01-01,10.997592067985458,10.997592067985458,0.03487290896631853,-1.7252022331374874,-0.3221692600924708,1.749266878512341,-1.7252022331374877
0.9509441293640637,2006-02-01,10.815995176141477,10.815995176141477,0.03487290896631853,-0.5106077986010324,-0.09535237870262492,1.8502857217016953,-0.5106077986010323
0.9213135135199183,2006-03-01,10.729914487101315,10.729914487101315,0.03487290896631853,0.8890738500069313,0.16602822493649683,1.752273889402412,0.8890738500069313
1.045929596532086,2006-04-01,10.60898141501381,10.60898141501381,0.03487290896631853,0.7512390992849212,0.14028856450585714,1.367686035486877,0.751239099284921
1.1228086756075955,2006-05-01,10.363302711512954,10.363302711512954,0.03487290896631853,-0.7821629492932296,-0.14606337379199452,0.9965204147820507,-0.7821629492932296
1.0012800266467656,2006-06-01,10.132634803836455,10.132634803836455,0.03487290896631853,-0.7033209539046915,-0.13134019129741503,0.8872757402505771,-0.7033209539046915
0.9346467926869966,2006-07-01,9.851834945004248,9.851834945004248,0.03487290896631853,0.13882433872297095,0.025924458959149632,0.7178220768800828,0.13882433872297095
0.975462680788754,2006-08-01,9.695464432060788,9.695464432060788,0.03487290896631853,0.14736790620899723,0.02751990948816818,0.5882241100703327,0.14736790620899726
1.0048849217815934,2006-09-01,9.658174335535808,9.658174335535808,0.03487290896631853,0.6826842335455576,0.12748643038687746,0.5501007883166588,0.6826842335455576
1.0850054625240042,2006-10-01,9.895512522637388,9.895512522637388,0.03487290896631853,1.217027234420716,0.2272711894840569,0.6459536214118069,1.2170272344207158
1.2090934550939751,2006-11-01,10.317453944889913,10.317453944889913,0.03487290896631853,-0.5552632728069047,-0.10369147124936973,0.8839347815579027,-0.5552632728069047
1.0781132188637175,2006-12-01,10.632084856498965,10.632084856498965,0.03487290896631853,1.4439211196923614,0.2696420105584849,1.3578699930485325,1.4439211196923618
1.2331836316870073,2007-01-01,11.02423635091738,11.02423635091738,0.03487290896631853,2.1623654180553835,0.4038063789875288,1.7571305947222766,2.1623654180553777
1.4568126842980638,2007-02-01,11.23806073892225,11.23806073892225,0.03487290896631853,0.7695481805152797,0.14370765534614094,1.8420051067795848,0.7695481805152795
1.406514572178521,2007-03-01,11.157469452772737,11.157469452772737,0.03487290896631853,-1.8575988043029732,-0.3468933791272537,1.760151123435483,-1.857598804302973
1.040050996444575,2007-04-01,10.615119709993616,10.615119709993616,0.03487290896631853,-0.9395831406104752,-0.17546047610623106,1.3838851790910676,-0.9395831406104748
0.9352047197798401,2007-05-01,10.176834975780206,10.176834975780206,0.03487290896631853,0.3784225494242425,0.07066772254786358,0.9928950855703801,0.37842254942424236
1.0009255170630436,2007-06-01,10.135925306233604,10.135925306233604,0.03487290896631853,-0.40531902366753847,-0.07569044802295188,0.8905154245905268,-0.40531902366753847
0.9643771009517741,2007-07-01,9.879504029123732,9.879504029123732,0.03487290896631853,0.8312555062686835,0.15523106002206966,0.7152106488496149,0.8312555062686834
1.0720564890541981,2007-08-01,9.793531185952496,9.793531185952496,0.03487290896631853,0.1481241029487133,0.027661123856802305,0.5903718758113855,0.14812410294871342
1.0710084216158595,2007-09-01,9.734517304675,9.734517304675,0.03487290896631853,-1.4574790231442183,-0.27217385270405536,0.5570844568734888,-1.4574790231442183
0.9029776277651868,2007-10-01,9.707384638658837,9.707384638658837,0.03487290896631853,-1.2620587364150089,-0.23568050254874606,0.6430627742665717,-1.2620587364150089
0.8216813472210092,2007-11-01,9.91940585818069,9.91940585818069,0.03487290896631853,0.6452196957996015,0.12049019413498563,0.8735878346583049,0.6452196957996013
0.9435952702365649,2007-12-01,10.49432905773554,10.49432905773554,0.03487290896631853,-1.204407233318063,-0.22491449393873886,1.3517930945485632,-1.204407233318063
0.8515995363553517,2008-01-01,10.658483677701804,10.658483677701804,0.03487290896631853,-0.7953395722638845,-0.14852401451656227,1.7650296617602534,-0.7953395722638844
0.8298770486208726,2008-02-01,10.687106663246226,10.687106663246226,0.03487290896631853,1.8045289141452958,0.3369829541829308,1.863822179170585,1.8045289141452963
1.0739861176492749,2008-03-01,10.875957209414294,10.875957209414294,0.03487290896631853,0.8031864236520533,0.1499893582642251,1.739547578253837,0.8031864236520534
1.1493190217340783,2008-04-01,10.710534213879372,10.710534213879372,0.03487290896631853,0.6406131266982067,0.1196299500833291,1.3776918543898762,0.6406131266982068
1.1825355194888503,2008-05-01,10.415971037447985,10.415971037447985,0.03487290896631853,0.2742256584684948,0.05120969344358883,0.9973585812639602,0.27422565846849495
1.1595880845112714,2008-06-01,10.278579698605082,10.278579698605082,0.03487290896631853,-0.3087513201377634,-0.05765711546782448,0.886530085879461,-0.3087513201377633
1.0758755051306685,2008-07-01,9.993397021010532,9.993397021010532,0.03487290896631853,-0.30475049721434844,-0.05690999021129528,0.7184258321026464,-0.3047504972143483
1.0233153679666955,2008-08-01,9.742514785634423,9.742514785634423,0.03487290896631853,1.411429763143234,0.26357448056242383,0.587729774590422,1.4114297631432338
1.1864830539509967,2008-09-01,9.825135560294902,9.825135560294902,0.03487290896631853,-0.8576446022105344,-0.16015903620410477,0.550563474314457,-0.8576446022105343
1.0309422473560337,2008-10-01,9.851689931339713,9.851689931339713,0.03487290896631853,0.34363158575257197,0.06417075725955534,0.6506793368083876,0.3436315857525719
1.064965921431453,2008-11-01,10.183236633795412,10.183236633795412,0.03487290896631853,-0.2796100036039292,-0.05221518164378125,0.8775149923153661,-0.2796100036039292
1.0190181510204512,2008-12-01,10.566741207238048,10.566741207238048,0.03487290896631853,-0.317364740160482,-0.05926561046179302,1.3457433920950264,-0.31736474016048205
0.9852255984618404,2009-01-01,10.792463334008687,10.792463334008687,0.03487290896631853,0.43439984586851066,0.08112108496012382,1.7443690105815983,0.43439984586851077
1.0428692658298573,2009-02-01,10.894814884192446,10.894814884192446,0.03487290896631853,0.9184334910475439,0.17151092931106326,1.8255548862145892,0.9184334910475439
1.1405975793058523,2009-03-01,10.940617817777525,10.940617817777525,0.03487290896631853,-1.108866984038661,-0.20707303116517295,1.747367601977546,-1.1088669840386607
0.977540687417416,2009-04-01,10.544163876790082,10.544163876790082,0.03487290896631853,1.1499152555424876,0.21473850423519814,1.3715262467792704,1.1499152555424874
1.1190308303355339,2009-05-01,10.365258500616282,10.365258500616282,0.03487290896631853,-0.24452164451136127,-0.045662679873508694,1.0018421423139878,-0.24452164451136119
1.0575264442221703,2009-06-01,10.18196213300257,10.18196213300257,0.03487290896631853,-0.3278753084622657,-0.061228384418315684,0.8825625828219974,-0.3278753084622657
1.0090466320184748,2009-07-01,9.917493619861022,9.917493619861022,0.03487290896631853,1.590235568464916,0.29696519435483637,0.7100162592572764,1.590235568464916
1.1977688750932662,2009-08-01,9.895442262950885,9.895442262950885,0.03487290896631853,0.961754212298163,0.17960076622635768,0.585099497609651,0.9617542122981626
1.2579584007022173,2009-09-01,9.888117496903329,9.888117496903329,0.03487290896631853,2.439151461987401,0.45549420622580605,0.5530384968343165,2.4391514619873966
1.5203912142728757,2009-10-01,10.251959027603302,10.251959027603302,0.03487290896631853,1.2627471050764578,0.23580905050565804,0.6583861114216758,1.2627471050764576
1.52521087301936,2009-11-01,10.546911872780157,10.546911872780157,0.03487290896631853,-0.23788320026519624,-0.04442299757431378,0.8814598042558964,-0.23788320026519627
1.3039240552463665,2009-12-01,10.825054466574032,10.825054466574032,0.03487290896631853,1.0049755521495838,0.18767204437142126,1.36168264269589,1.0049755521495836
1.338178741314613,2010-01-01,11.103142866370536,11.103142866370536,0.03487290896631853,0.24854424874417075,0.04641387263481889,1.752210708742765,0.24854424874417064
1.2569587603077055,2010-02-01,11.093308785466297,11.093308785466297,0.03487290896631853,-0.6400387460426097,-0.11952268857666581,1.8471771189433137,-0.6400387460426096
1.0968083711941237,2010-03-01,10.905955343043571,10.905955343043571,0.03487290896631853,-0.18380844081063802,-0.03432492042803581,1.7552227801125557,-0.18380844081063796
1.0500531773560728,2010-04-01,10.611234687721979,10.611234687721979,0.03487290896631853,0.5068891972015998,0.09465795631061624,1.365388232216471,0.5068891972015996
1.0970380219476357,2010-05-01,10.349894721696073,10.349894721696073,0.03487290896631853,-0.4648717400695299,-0.08681149471023453,1.0063458589229757,-0.4648717400695297
1.0194081561527808,2010-06-01,10.157026318879337,10.157026318879337,0.03487290896631853,-0.6391546229858215,-0.11935758487718928,0.8930158284118946,-0.6391546229858213
0.9524689820575727,2010-07-01,9.880535252412962,9.880535252412962,0.03487290896631853,0.15121488021494936,0.028238304552402838,0.7248996245297697,0.15121488021494942
0.9892591156682692,2010-08-01,9.715957327501986,9.715957327501986,0.03487290896631853,-0.2982094210580525,-0.05568849071111792,0.5920295316515249,-0.29820942105805254
0.9676957335426198,2010-09-01,9.614015236974844,9.614015236974844,0.03487290896631853,-0.4907372861915383,-0.09164170168304864,0.5465648744816665,-0.4907372861915383
0.9341893204347879,2010-10-01,9.744169859084678,9.744169859084678,0.03487290896631853,1.2786329264611809,0.2387756147861655,0.6448683764759826,1.2786329264611807
1.1002207595908005,2010-11-01,10.208515441063614,10.208515441063614,0.03487290896631853,0.3009841127278726,0.056206644667263106,0.8711418283383893,0.3009841127278727
1.1076780784920732,2010-12-01,10.657456886750904,10.657456886750904,0.03487290896631853,0.17725279753567705,0.033100700621941925,1.3555886813806137,0.17725279753567713
1.0982532118559696,2011-01-01,10.910039614639928,10.910039614639928,0.03487290896631853,1.7393476462325967,0.32481081548987234,1.760087658751257,1.7393476462325963
1.2883359398864207,2011-02-01,11.113479719903655,11.113479719903655,0.03487290896631853,-1.6239816769644593,-0.30326704036307284,1.8389104160036005,-1.6239816769644595
1.0048570271197461,2011-03-01,10.822881492334044,10.822881492334044,0.03487290896631853,2.8645418113023178,0.5349328317138013,1.7631132706932429,2.864541811302306
1.3669438855298242,2011-04-01,10.870486026188255,10.870486026188255,0.03487290896631853,0.2026001042823961,0.03783413007332648,1.3592776872138452,0.20260010428239622
1.2689301071045602,2011-05-01,10.483680387108636,10.483680387108636,0.03487290896631853,-0.3631646102895324,-0.06781841081666684,0.9945660224665387,-0.36316461028953245
1.1366772528631004,2011-06-01,10.245168088796369,10.245168088796369,0.03487290896631853,-0.0639661688581159,-0.01194522757745986,0.8746807647442959,-0.06396616885811592
1.0893715316933428,2011-07-01,10.00305933918963,10.00305933918963,0.03487290896631853,0.46649821661782404,0.08711522765009327,0.7164142723533047,0.466498216617824
1.11975553301702,2011-08-01,9.851641302956894,9.851641302956894,0.03487290896631853,1.2268921245325366,0.22911338762591704,0.5990416463856855,1.2268921245325368
1.2363502646345088,2011-09-01,9.87976183366925,9.87976183366925,0.03487290896631853,-0.912837996710249,-0.17046601049756305,0.5580219708030018,-0.9128379967102489
1.0537772344815397,2011-10-01,9.87640170116964,9.87640170116964,0.03487290896631853,1.2960917586152665,0.24203592765217152,0.6525063249270828,1.2960917586152665
1.195490361441006,2011-11-01,10.296046397463787,10.296046397463787,0.03487290896631853,-0.5155556899374949,-0.09627636225670777,0.8750579901321066,-0.5155556899374948
1.074429637730913,2011-12-01,10.622495473655345,10.622495473655345,0.03487290896631853,0.36995108498026386,0.0690857367496811,1.3495219924732524,0.36995108498026397
1.0980990698160962,2012-01-01,10.914384613873606,10.914384613873606,0.03487290896631853,1.504397312981579,0.2809355099934834,1.7680000190794887,1.5043973129815789
1.2565631801238477,2012-02-01,11.100283266736097,11.100283266736097,0.03487290896631853,-1.6174941262359648,-0.30205553635625826,1.860690834265663,-1.6174941262359648
0.9887634191748658,2012-03-01,10.81122139547,10.81122139547,0.03487290896631853,-1.6204018852692803,-0.30259853969714,1.7710392324644288,-1.6204018852692799
0.8409947724026082,2012-04-01,10.396513287719188,10.396513287719188,0.03487290896631853,-0.15433054091401208,-0.028820132052295833,1.3753772406799443,-0.15433054091401205
0.8806917824863577,2012-05-01,10.139204039370904,10.139204039370904,0.03487290896631853,0.8300565562187262,0.15500716461835218,1.0154141216572068,0.830056556218726
1.0082948476763691,2012-06-01,10.137094011368363,10.137094011368363,0.03487290896631853,2.191358536266464,0.40922063782769413,0.8850406565237502,2.191358536266459
1.2758429388792227,2012-07-01,10.14929087032211,10.14929087032211,0.03487290896631853,0.12562817502069454,0.023460169141781506,0.7080282459305332,0.12562817502069468
1.2014476661214017,2012-08-01,9.901312807483974,9.901312807483974,0.03487290896631853,-0.8347496128734018,-0.15588355960612077,0.5867423495797637,-0.8347496128734015
1.0422105819822416,2012-09-01,9.697167542066408,9.697167542066408,0.03487290896631853,-0.5954866651311586,-0.11120290399308175,0.5514900141234254,-0.5954866651311586
0.9712579807149945,2012-10-01,9.790372104402628,9.790372104402628,0.03487290896631853,-0.9483797047898361,-0.1771031719702787,0.6495861523571971,-0.9483797047898359
0.8922096293703139,2012-11-01,10.007921149527053,10.007921149527053,0.03487290896631853,0.1691213305124103,0.03158220692651703,0.878991756778105,0.16912133051241024
0.948419770885885,2012-12-01,10.493262082902275,10.493262082902275,0.03487290896631853,-1.4601206605929922,-0.272667159729723,1.3434824539211596,-1.4601206605929926
0.8317061546313764,2013-01-01,10.624753363231576,10.624753363231576,0.03487290896631853,0.9574335223114006,0.17879390806828965,1.7473045982208764,0.9574335223114003
0.983312776682071,2013-02-01,10.83432955755557,10.83432955755557,0.03487290896631853,0.8842825140869106,0.16513347699416414,1.822487832900444,0.8842825140869107
1.0923139321427517,2013-03-01,10.89904529922589,10.89904529922589,0.03487290896631853,-0.22351609599438121,-0.041740042924885756,1.7503082359274285,-0.2235160959943813
1.042757719191991,2013-04-01,10.590806653261229,10.590806653261229,0.03487290896631853,1.666443967304828,0.31119657140472334,1.3471385146993695,1.666443967304829
1.2345264509303882,2013-05-01,10.465164455219721,10.465164455219721,0.03487290896631853,-0.6940147356206575,-0.12960232115023018,1.003528136155687,-0.6940147356206575
1.077400389305396,2013-06-01,10.215159073510463,10.215159073510463,0.03487290896631853,2.066562087268985,0.3859157876116317,0.8955232529081426,2.0665620872689803
1.3166336928952835,2013-07-01,10.201507354398611,10.201507354398611,0.03487290896631853,0.9383412269213566,0.1752285575481416,0.7228699384552205,0.9383412269213565
1.3374847849392109,2013-08-01,10.00409105224569,10.00409105224569,0.03487290896631853,-0.4875649310817736,-0.09104928690475056,0.584116491638811,-0.48756493108177346
1.1623077420496213,2013-09-01,9.794456382706933,9.794456382706933,0.03487290896631853,0.00655027433600984,0.001223217194889159,0.5450345176197837,0.006550274336009716
1.1141559678095168,2013-10-01,9.90688707728989,9.90688707728989,0.03487290896631853,1.207475661959911,0.22548750118751393,0.6362490948469842,1.207475661959911
1.2296512756888038,2013-11-01,10.316931322488353,10.316931322488353,0.03487290896631853,-1.238988203386003,-0.23137224441348003,0.868702670725248,-1.2389882033860031
1.014285746893864,2013-12-01,10.572179432515085,10.572179432515085,0.03487290896631853,0.40139831082083166,0.07495828275409444,1.359394925523637,0.40139831082083166
1.0597996760915738,2014-01-01,10.871594709838075,10.871594709838075,0.03487290896631853,-3.0098898378301744,-0.5620755430220417,1.75515949312657,-3.009889837830168
0.7606965917921007,2014-02-01,10.589411487845824,10.589411487845824,0.03487290896631853,-2.9402954609445446,-0.5490792875818524,1.8440737388437882,-2.9402954609445393
0.6128245016347852,2014-03-01,10.325555662390475,10.325555662390475,0.03487290896631853,0.6777949669993656,0.12657339459586936,1.7581766334923299,0.6777949669993655
0.7770124470272576,2014-04-01,10.308413491098168,10.308413491098168,0.03487290896631853,0.5825950599511992,0.10879548831597674,1.3630942894079936,0.5825950599511992
0.9027037696417427,2014-05-01,10.156601529578856,10.156601529578856,0.03487290896631853,-0.7270717548098606,-0.13577548462549416,1.008039432041034,-0.7270717548098606
0.8693871494791484,2014-06-01,9.979895913254582,9.979895913254582,0.03487290896631853,0.9204954540606844,0.17189598625425617,0.8771367077479234,0.9204954540606843
1.0091740925959967,2014-07-01,9.940046735153082,9.940046735153082,0.03487290896631853,-0.8107886728779579,-0.1514090242958961,0.726119553549712,-0.810788672877958
0.9289747497577254,2014-08-01,9.667661076860927,9.667661076860927,0.03487290896631853,-0.2737589138425657,-0.05112253220075047,0.6007236453499045,-0.2737589138425656
0.929943877692555,2014-09-01,9.60842317119605,9.60842317119605,0.03487290896631853,-0.16977930945719225,-0.03170507981974957,0.5655815077209729,-0.16977930945719225
0.9409013263246487,2014-10-01,9.765907502391961,9.765907502391961,0.03487290896631853,-1.282599177096701,-0.23951628391355406,0.6543384428929934,-1.2825991770967007
0.8429517245374836,2014-11-01,9.94384048120454,9.94384048120454,0.03487290896631853,-0.7046662142145276,-0.13159140910268263,0.8726078674435407,-0.7046662142145274
0.8321388142933621,2014-12-01,10.369753396310424,10.369753396310424,0.03487290896631853,0.4507000623673077,0.08416503458405522,1.3533112024676295,0.45070006236730764
0.932275722754067,2015-01-01,10.747873497298169,10.747873497298169,0.03487290896631853,-3.9782663453468174,-0.7429129758314073,1.7630496992047004,-3.9782663453468117
0.6297245818170413,2015-02-01,10.39597409720065,10.39597409720065,0.03487290896631853,0.28009434342734213,0.05230562866474209,1.8358209245134172,0.2800943434273422
0.758759237189525,2015-03-01,10.54364693928621,10.54364693928621,0.03487290896631853,0.6366644817747196,0.11889256869758036,1.7660804029299981,0.6366644817747197
0.8934478181437526,2015-04-01,10.443559691694382,10.443559691694382,0.03487290896631853,0.36665308194407065,0.06846985811380613,1.356994010526349,0.3666530819440705
0.9693760496345091,2015-05-01,10.199825128892027,10.199825128892027,0.03487290896631853,0.5666725609091177,0.10582207474353922,0.9801719326936466,0.5666725609091176
1.04607771937049,2015-06-01,10.160424957993982,10.160424957993982,0.03487290896631853,-0.6622731146834124,-0.12367479895308442,0.873211243034165,-0.6622731146834124
0.9668255849585939,2015-07-01,9.869142732818123,9.869142732818123,0.03487290896631853,2.0240126605602615,0.37796998447226393,0.7060457989509366,2.024012660560257
1.2184464698138378,2015-08-01,9.901906167994175,9.901906167994175,0.03487290896631853,-1.1941589560356767,-0.22300070096660463,0.5788999778041062,-1.194158956035677
1.0128421519803947,2015-09-01,9.665780034060791,9.665780034060791,0.03487290896631853,1.504007894128025,0.2808627887892641,0.5499458670939018,1.5040078941280248
1.1898925668790816,2015-10-01,9.9962021697542,9.9962021697542,0.03487290896631853,-0.5551721646824246,-0.10367445745441373,0.6514100710146525,-0.5551721646824244
1.0665544695909064,2015-11-01,10.183604762026231,10.183604762026231,0.03487290896631853,0.998058212977956,0.18638028042634502,0.8765306197213169,0.9980582129779556
1.1678018923631805,2015-12-01,10.704147300514526,10.704147300514526,0.03487290896631853,-0.20978885554527188,-0.03917657829815724,1.3472547060000892,-0.20978885554527194
1.092393156377186,2016-01-01,10.910856372409102,10.910856372409102,0.03487290896631853,2.013980465946842,0.37609654340336895,1.7709753751943755,2.013980465946837
1.3215734766050016,2016-02-01,11.132784517443412,11.132784517443412,0.03487290896631853,-0.841522990337035,-0.15714843972502557,1.8276050441423226,-0.8415229903370349
1.110556765730051,2016-03-01,10.929064543154633,10.929064543154633,0.03487290896631853,0.7657404533767658,0.14299658935556536,1.774019703252419,0.7657404533767654
1.1709034341288722,2016-04-01,10.742037225331178,10.742037225331178,0.03487290896631853,-1.1530046661132614,-0.21531542971013096,1.3955750272249459,-1.1530046661132611
0.9903420528658183,2016-05-01,10.258228194897452,10.258228194897452,0.03487290896631853,0.9109113492201079,0.1701062227669219,1.017122955697604,0.9109113492201083
1.100669999625602,2016-06-01,10.239330947716555,10.239330947716555,0.03487290896631853,1.5777317272938145,0.2946301908514606,0.8980377177920305,1.577731727293814
1.2683600818206089,2016-07-01,10.177609983004299,10.177609983004299,0.03487290896631853,-0.8217430197268222,-0.15345467074319785,0.7326626747139339,-0.8217430197268218
1.0824800653576319,2016-08-01,9.811618840596372,9.811618840596372,0.03487290896631853,0.7730750914058352,0.14436628089750947,0.5953588195802876,0.7730750914058352
1.1517614298374639,2016-09-01,9.798797453025879,9.798797453025879,0.03487290896631853,0.15151793701411426,0.028294898256536527,0.5524181132004128,0.15151793701411437
1.1244591406442193,2016-10-01,9.935155941731786,9.935155941731786,0.03487290896631853,-0.21502447399238997,-0.04015429284595662,0.6484948045284045,-0.21502447399238994
1.0643047123107168,2016-11-01,10.185978525938193,10.185978525938193,0.03487290896631853,0.12931030309366903,0.024147780399204066,0.8804710064784673,0.1293103030936691
1.0636615073318276,2016-12-01,10.60625589020627,10.60625589020627,0.03487290896631853,-0.5007912271536349,-0.093519203728059,1.3412253142734212,-0.5007912271536349
0.9946115439475309,2017-01-01,10.8215678615134,10.8215678615134,0.03487290896631853,-0.6952206387376653,-0.12982751498982026,1.7789366805482765,-0.6952206387376653
0.931241471228251,2017-02-01,10.778239434183543,10.778239434183543,0.03487290896631853,0.15919958941627615,0.02972939226724236,1.8194259324393296,0.1591995894162763
0.9751648352662173,2017-03-01,10.771019733221236,10.771019733221236,0.03487290896631853,-0.2291210312800248,-0.042786724768415496,1.7249764899105153,-0.22912103128002487
0.9654158024854957,2017-04-01,10.512059930193065,10.512059930193065,0.03487290896631853,0.3236309843763716,0.06043578704968233,1.344875232626987,0.3236309843763716
1.0167011864150104,2017-05-01,10.256461768551594,10.256461768551594,0.03487290896631853,1.676415434463588,0.3130586720529074,0.9890043400927203,1.6764154344635882
1.214918686469558,2017-06-01,10.333603651511842,10.333603651511842,0.03487290896631853,0.5309883124023019,0.0991582948587375,0.8940187144352247,0.530988312402302
1.2134485146882064,2017-07-01,10.105316940112914,10.105316940112914,0.03487290896631853,-1.0612774975085497,-0.19818603266198664,0.7124080339127259,-1.0612774975085495
1.0243511469007576,2017-08-01,9.751938098886903,9.751938098886903,0.03487290896631853,0.026260026108969433,0.004903873307739559,0.5926944002057003,0.026260026108969305
1.025329640260482,2017-09-01,9.687004526584492,9.687004526584492,0.03487290896631853,-1.2289175717020153,-0.22949162549473812,0.5549014731295334,-1.2289175717020153
0.8983118039201466,2017-10-01,9.706130373916704,9.706130373916704,0.03487290896631853,-0.1740164420057778,-0.03249633421988385,0.6455925847834715,-0.17401644200577776
0.91879415198862,2017-11-01,10.043448980333112,10.043448980333112,0.03487290896631853,1.6966123764484613,0.3168303074765202,0.8844291069896368,1.6966123764484617
1.1371937705860446,2017-12-01,10.668616943947093,10.668616943947093,0.03487290896631853,0.19876954543063724,0.03711880042251359,1.335222905985335,0.19876954543063724
1.1204448081071452,2018-01-01,10.945182005306968,10.945182005306968,0.03487290896631853,0.5179919796088717,0.09673132204386903,1.7869337754359147,0.5179919796088714
1.1474240773565676,2018-02-01,11.015030168320267,11.015030168320267,0.03487290896631853,-0.30310981736567383,-0.056603604905999916,1.8711544601533834,-0.3031098173656739
1.068888469763693,2018-03-01,10.86727315000027,10.86727315000027,0.03487290896631853,0.6845542571818917,0.1278356440151125,1.7327310102481883,0.6845542571818916
1.1313387044715646,2018-04-01,10.666172581897003,10.666172581897003,0.03487290896631853,0.6665057459289927,0.12446521276686262,1.3388564897976718,0.6665057459289928
1.173245171005924,2018-05-01,10.43667736442859,10.43667736442859,0.03487290896631853,-0.5317430117529045,-0.09929922960059301,1.0262883317097324,-0.5317430117529043
1.0590926522010378,2018-06-01,10.191853693653776,10.191853693653776,0.03487290896631853,-0.4373779667454116,-0.08167722787539944,0.890017697391983,-0.43737796674541163
0.9984106656818414,2018-07-01,9.914745384388644,9.914745384388644,0.03487290896631853,-0.7072314682535855,-0.1320704520692626,0.7156106181914188,-0.7072314682535854
0.9324523364317016,2018-08-01,9.653456110551625,9.653456110551625,0.03487290896631853,0.4233905074542659,0.07906516922868256,0.5900419049521142,0.4233905074542657
1.0037083864187182,2018-09-01,9.637657323594505,9.637657323594505,0.03487290896631853,0.2752373423961998,0.05139861822943459,0.5395610846994959,0.2752373423961998
1.0383729719201185,2018-10-01,9.84653810142069,9.84653810142069,0.03487290896631853,1.600675389008944,0.2989147566702357,0.6427033533915524,1.600675389008944
1.2224772074999812,2018-11-01,10.333506812466483,10.333506812466483,0.03487290896631853,1.4394750417893203,0.26881173709788797,0.888405000885872,1.4394750417893196
1.3415627173733007,2018-12-01,10.82940310139807,10.82940310139807,0.03487290896631853,-0.5648147547620292,-0.10547514264461988,1.3292473603763628,-0.5648147547620291
1.155210942807617,2019-01-01,10.94770464135728,10.94770464135728,0.03487290896631853,-1.6511397235619785,-0.30833861261693407,1.7375335493753532,-1.6511397235619785
0.9309501173929545,2019-02-01,10.80147572725181,10.80147572725181,0.03487290896631853,-0.3505480741418464,-0.06546236232707159,1.8627804510138262,-0.3505480741418464
0.9237335120465104,2019-03-01,10.758327490289107,10.758327490289107,0.03487290896631853,1.8194542219109984,0.33977014936919225,1.7980523903895258,1.8194542219109975
1.1562507292130915,2019-04-01,10.6834682355731,10.6834682355731,0.03487290896631853,0.977878442956796,0.1826118517449551,1.3328646827497443,0.9778784429567958
1.230503812522466,2019-05-01,10.456292924699554,10.456292924699554,0.03487290896631853,0.5273214322176925,0.09847353103613621,0.9979163370187611,0.5273214322176922
1.2234388652313366,2019-06-01,10.331621415032533,10.331621415032533,0.03487290896631853,0.06802321013076851,0.012702851211297883,0.8860345861678509,0.0680232101307685
1.160856874970482,2019-07-01,10.06997976187091,10.06997976187091,0.03487290896631853,-0.39471614802767724,-0.07371043632685392,0.7188275994807815,-0.3947161480276773
1.066911250877705,2019-08-01,9.816195714772858,9.816195714772858,0.03487290896631853,-0.5944364973893423,-0.11100679262836444,0.6068175254863573,-0.5944364973893422
0.9868231638895817,2019-09-01,9.657696666759954,9.657696666759954,0.03487290896631853,-0.6886582774628631,-0.12860204064498504,0.5599017345260818,-0.6886582774628633
0.9269661356076421,2019-10-01,9.728559457034345,9.728559457034345,0.03487290896631853,-1.0255263114188986,-0.19150975265915804,0.6398270522256478,-1.0255263114188986
0.8575422075823231,2019-11-01,9.983427996050725,9.983427996050725,0.03487290896631853,-0.48045744403138935,-0.08972201419424941,0.8923987681561923,-0.48045744403138946
0.8620437398343715,2019-12-01,10.41515326174668,10.41515326174668,0.03487290896631853,0.9009755119312,0.168250775743795,1.3670395055217561,0.9009755119311998
1.0013486051605391,2020-01-01,10.809254737291626,10.809254737291626,0.03487290896631853,-0.03831942040120204,-0.007155879514122887,1.7453445191623942,-0.03831942040120208
1.002870491529114,2020-02-01,10.871406328438544,10.871406328438544,0.03487290896631853,1.8322443496131142,0.34215861484827137,1.8544439182187225,1.832244349613114
1.2237789543605695,2020-03-01,11.044088082130072,11.044088082130072,0.03487290896631853,0.669564193508138,0.12503635612308983,1.8061354187154433,0.669564193508138
1.2374257681405978,2020-04-01,10.779353392532434,10.779353392532434,0.03487290896631853,-0.05455211602011462,-0.010187220093447635,1.3707596728405302,-0.05455211602011461
1.1547069361139954,2020-05-01,10.397201173403042,10.397201173403042,0.03487290896631853,-0.15572560323881918,-0.029080650030033794,1.0024024054237435,-0.15572560323881918
1.0903394915719407,2020-06-01,10.211959526314752,10.211959526314752,0.03487290896631853,-0.42073008666795064,-0.07856835454817812,0.8820693006286121,-0.42073008666795064
1.0199686017474845,2020-07-01,9.912558619195014,9.912558619195014,0.03487290896631853,0.060127754123983586,0.011228430896427,0.6989554327552607,0.06012775412398365
1.02604368700918,2020-08-01,9.74013295666422,9.74013295666422,0.03487290896631853,0.16695072907941663,0.031176862530253757,0.5847724735898845,0.16695072907941674
1.0418764633097797,2020-09-01,9.716469827726398,9.716469827726398,0.03487290896631853,-1.2942247310800854,-0.24168727352454056,0.5624187365912588,-1.2942247310800856
0.9018010681053602,2020-10-01,9.696551012615982,9.696551012615982,0.03487290896631853,-1.4087545411201354,-0.2630749018561076,0.6369636234189044,-1.4087545411201352
0.8083068138749538,2020-11-01,9.896264733985733,9.896264733985733,0.03487290896631853,-0.2817671000066241,-0.05261800407158468,0.8677281835553146,-0.2817671000066241
0.8459718808050726,2020-12-01,10.3918480102493,10.3918480102493,0.03487290896631853,-0.3521045245433516,-0.06575301838152825,1.3609215705478632,-0.3521045245433516
0.8658756958883965,2021-01-01,10.668378482813429,10.668378482813429,0.03487290896631853,0.363404478093703,0.06786320442492055,1.7531906026593393,0.36340447809370285
0.9487747844995889,2021-02-01,10.778950830278403,10.778950830278403,0.03487290896631853,0.36607827516964747,0.06836251703247953,1.7870738923061236,0.36607827516964736
1.0093726109657393,2021-03-01,10.823438898618626,10.823438898618626,0.03487290896631853,0.16530200266371842,0.030868974585734676,1.7562043584786098,0.16530200266371847
1.030254164287029,2021-04-01,10.591640336367949,10.591640336367949,0.03487290896631853,-0.708795949347415,-0.13236260779845566,1.3646250889390237,-0.7087959493474151
0.9522443809767923,2021-05-01,10.208906383253693,10.208906383253693,0.03487290896631853,-0.3568309272244344,-0.06663564050281678,1.0069086406593328,-0.35683092722443444
0.9372999046964219,2021-06-01,10.088753008654889,10.088753008654889,0.03487290896631853,-0.5830250013549004,-0.10887577681853777,0.9071476209107157,-0.5830250013549004
0.9054170854517103,2021-07-01,9.830432492757357,9.830432492757357,0.03487290896631853,-0.8873959773291125,-0.1657148941346005,0.725305012265775,-0.8873959773291124
0.8564866755855497,2021-08-01,9.555020751645822,9.555020751645822,0.03487290896631853,-0.7441715215250295,-0.13896874457181418,0.5821554314681975,-0.7441715215250294
0.8376107217232747,2021-09-01,9.502729990818027,9.502729990818027,0.03487290896631853,-0.9951712292583699,-0.18584115672770096,0.5649470536765653,-0.9951712292583695
0.8034842793937973,2021-10-01,9.609149251194616,9.609149251194616,0.03487290896631853,2.1421127141441967,0.40002433042034546,0.6550732863952342,2.1421127141441905
1.0890854203261515,2021-11-01,10.198901947577435,10.198901947577435,0.03487290896631853,0.4673352998151719,0.08727154699002071,0.8716289995294999,0.46733529981517186
1.1196567972764624,2021-12-01,10.667654014252372,10.667654014252372,0.03487290896631853,-0.026730964862217117,-0.004991817774056884,1.3548310152716097,-0.02673096486221716
1.0826088237646783,2022-01-01,10.928771398980162,10.928771398980162,0.03487290896631853,1.3237041749079934,0.2471923502184783,1.8192832789831304,1.3237041749079932
1.2210023785219017,2022-02-01,11.059241369864074,11.059241369864074,0.03487290896631853,0.9885434125103422,0.18460345903827857,1.8378826115383928,0.9885434125103416
1.2779721751730633,2022-03-01,11.063869882679473,11.063869882679473,0.03487290896631853,-1.0405328498101996,-0.19431211708763563,1.7640992616814064,-1.0405328498101993
1.0630871230424241,2022-04-01,10.61852649762438,10.61852649762438,0.03487290896631853,-0.04311883277622829,-0.008052135677047545,1.3585179592443906,-0.043118832776228334
1.0436192187973354,2022-05-01,10.272500078502887,10.272500078502887,0.03487290896631853,-0.3768694418489959,-0.07037769074246114,0.9790724023192975,-0.37686944184899585
0.9949036486553087,2022-06-01,10.111390314197749,10.111390314197749,0.03487290896631853,-0.08702601454321965,-0.01625148992718195,0.8741918878594759,-0.08702601454321968
0.9933821249973045,2022-07-01,9.927637557160383,9.927637557160383,0.03487290896631853,-1.059664114322881,-0.19788474481457463,0.7285655740772159,-1.059664114322881
0.8952464580452761,2022-08-01,9.594795682216432,9.594795682216432,0.03487290896631853,0.40953836758610124,0.0764783805228113,0.5795501014392924,0.40953836758610135
