Month of Data Escala de Tempo 1 CE Simp 4,MAX MIN 1 CE Simp 4,MIN MAX 1 CE Simp 4,Data Escala de Tempo 1 CE Simp 4,Período Exibido CE Simp 4,Subsistema,Selecione Tipo de CE Simp 4
June 2023,6/6/2023,5/27/2023,6/1/2023 12:00:00 AM,Mês,Sudeste/Centro-Oeste,39917.91729483
May 2023,5/6/2023,4/26/2023,5/1/2023 12:00:00 AM,Mês,Sudeste/Centro-Oeste,41246.68173003
April 2023,4/6/2023,3/27/2023,4/1/2023 12:00:00 AM,Mês,Sudeste/Centro-Oeste,40279.18528364
March 2023,3/6/2023,2/24/2023,3/1/2023 12:00:00 AM,Mês,Sudeste/Centro-Oeste,43688.79210519
February 2023,2/6/2023,1/27/2023,2/1/2023 12:00:00 AM,Mês,Sudeste/Centro-Oeste,43029.63230602
January 2023,1/6/2023,12/27/2022,1/1/2023 12:00:00 AM,Mês,Sudeste/Centro-Oeste,40419.27577456
December 2022,12/6/2022,11/26/2022,12/1/2022 12:00:00 AM,Mês,Sudeste/Centro-Oeste,39008.37946053
November 2022,11/6/2022,10/27/2022,11/1/2022 12:00:00 AM,Mês,Sudeste/Centro-Oeste,39196.92956177
October 2022,10/6/2022,9/26/2022,10/1/2022 12:00:00 AM,Mês,Sudeste/Centro-Oeste,40165.24091447
September 2022,9/6/2022,8/27/2022,9/1/2022 12:00:00 AM,Mês,Sudeste/Centro-Oeste,38914.10728969
August 2022,8/6/2022,7/27/2022,8/1/2022 12:00:00 AM,Mês,Sudeste/Centro-Oeste,38527.32982854
July 2022,7/6/2022,6/26/2022,7/1/2022 12:00:00 AM,Mês,Sudeste/Centro-Oeste,38367.82238523
June 2022,6/6/2022,5/27/2022,6/1/2022 12:00:00 AM,Mês,Sudeste/Centro-Oeste,37862.94072222
May 2022,5/6/2022,4/26/2022,5/1/2022 12:00:00 AM,Mês,Sudeste/Centro-Oeste,38909.55538232
April 2022,4/6/2022,3/27/2022,4/1/2022 12:00:00 AM,Mês,Sudeste/Centro-Oeste,41693.10957706
March 2022,3/6/2022,2/24/2022,3/1/2022 12:00:00 AM,Mês,Sudeste/Centro-Oeste,44684.96304724
February 2022,2/6/2022,1/27/2022,2/1/2022 12:00:00 AM,Mês,Sudeste/Centro-Oeste,42875.04408296
January 2022,1/6/2022,12/27/2021,1/1/2022 12:00:00 AM,Mês,Sudeste/Centro-Oeste,41489.80337143
December 2021,12/6/2021,11/26/2021,12/1/2021 12:00:00 AM,Mês,Sudeste/Centro-Oeste,40155.93076668
November 2021,11/6/2021,10/27/2021,11/1/2021 12:00:00 AM,Mês,Sudeste/Centro-Oeste,39935.98205697
October 2021,10/6/2021,9/26/2021,10/1/2021 12:00:00 AM,Mês,Sudeste/Centro-Oeste,38994.29389129
September 2021,9/6/2021,8/27/2021,9/1/2021 12:00:00 AM,Mês,Sudeste/Centro-Oeste,40777.36249017
August 2021,8/6/2021,7/27/2021,8/1/2021 12:00:00 AM,Mês,Sudeste/Centro-Oeste,38572.31631535
July 2021,7/6/2021,6/26/2021,7/1/2021 12:00:00 AM,Mês,Sudeste/Centro-Oeste,37048.45434621
June 2021,6/6/2021,5/27/2021,6/1/2021 12:00:00 AM,Mês,Sudeste/Centro-Oeste,38224.78030914
May 2021,5/6/2021,4/26/2021,5/1/2021 12:00:00 AM,Mês,Sudeste/Centro-Oeste,39123.40667618
April 2021,4/6/2021,3/27/2021,4/1/2021 12:00:00 AM,Mês,Sudeste/Centro-Oeste,39701.23557651
March 2021,3/6/2021,2/24/2021,3/1/2021 12:00:00 AM,Mês,Sudeste/Centro-Oeste,42491.49593848
February 2021,2/6/2021,1/27/2021,2/1/2021 12:00:00 AM,Mês,Sudeste/Centro-Oeste,42336.83820741
January 2021,1/6/2021,12/27/2020,1/1/2021 12:00:00 AM,Mês,Sudeste/Centro-Oeste,42107.40413546
December 2020,12/6/2020,11/26/2020,12/1/2020 12:00:00 AM,Mês,Sudeste/Centro-Oeste,40770.94122716
November 2020,11/6/2020,10/27/2020,11/1/2020 12:00:00 AM,Mês,Sudeste/Centro-Oeste,40061.31156811
October 2020,10/6/2020,9/26/2020,10/1/2020 12:00:00 AM,Mês,Sudeste/Centro-Oeste,41493.9872521
September 2020,9/6/2020,8/27/2020,9/1/2020 12:00:00 AM,Mês,Sudeste/Centro-Oeste,40811.54222384
August 2020,8/6/2020,7/27/2020,8/1/2020 12:00:00 AM,Mês,Sudeste/Centro-Oeste,37439.58741803
July 2020,7/6/2020,6/26/2020,7/1/2020 12:00:00 AM,Mês,Sudeste/Centro-Oeste,36673.94183045
June 2020,6/6/2020,5/27/2020,6/1/2020 12:00:00 AM,Mês,Sudeste/Centro-Oeste,35768.34591166
May 2020,5/6/2020,4/26/2020,5/1/2020 12:00:00 AM,Mês,Sudeste/Centro-Oeste,34600.66665095
April 2020,4/6/2020,3/27/2020,4/1/2020 12:00:00 AM,Mês,Sudeste/Centro-Oeste,35355.94843476
March 2020,3/6/2020,2/25/2020,3/1/2020 12:00:00 AM,Mês,Sudeste/Centro-Oeste,39830.76358284
February 2020,2/6/2020,1/27/2020,2/1/2020 12:00:00 AM,Mês,Sudeste/Centro-Oeste,41094.84767078
January 2020,1/6/2020,12/27/2019,1/1/2020 12:00:00 AM,Mês,Sudeste/Centro-Oeste,40803.10598225
December 2019,12/6/2019,11/26/2019,12/1/2019 12:00:00 AM,Mês,Sudeste/Centro-Oeste,38742.72578577
November 2019,11/6/2019,10/27/2019,11/1/2019 12:00:00 AM,Mês,Sudeste/Centro-Oeste,39652.84128525
October 2019,10/6/2019,9/26/2019,10/1/2019 12:00:00 AM,Mês,Sudeste/Centro-Oeste,40730.10601884
September 2019,9/6/2019,8/27/2019,9/1/2019 12:00:00 AM,Mês,Sudeste/Centro-Oeste,39420.26424121
August 2019,8/6/2019,7/27/2019,8/1/2019 12:00:00 AM,Mês,Sudeste/Centro-Oeste,37097.10237597
July 2019,7/6/2019,6/26/2019,7/1/2019 12:00:00 AM,Mês,Sudeste/Centro-Oeste,36486.91061681
June 2019,6/6/2019,5/27/2019,6/1/2019 12:00:00 AM,Mês,Sudeste/Centro-Oeste,37203.97337117
May 2019,5/6/2019,4/26/2019,5/1/2019 12:00:00 AM,Mês,Sudeste/Centro-Oeste,39077.84376043
April 2019,4/6/2019,3/27/2019,4/1/2019 12:00:00 AM,Mês,Sudeste/Centro-Oeste,40439.05428076
March 2019,3/6/2019,2/24/2019,3/1/2019 12:00:00 AM,Mês,Sudeste/Centro-Oeste,40575.48847922
February 2019,2/6/2019,1/27/2019,2/1/2019 12:00:00 AM,Mês,Sudeste/Centro-Oeste,42050.71753999
January 2019,1/6/2019,12/27/2018,1/1/2019 12:00:00 AM,Mês,Sudeste/Centro-Oeste,43247.21707816
December 2018,12/6/2018,11/26/2018,12/1/2018 12:00:00 AM,Mês,Sudeste/Centro-Oeste,39815.59022126
November 2018,11/6/2018,10/27/2018,11/1/2018 12:00:00 AM,Mês,Sudeste/Centro-Oeste,39103.29447088
October 2018,10/6/2018,9/26/2018,10/1/2018 12:00:00 AM,Mês,Sudeste/Centro-Oeste,39316.56825131
September 2018,9/6/2018,8/27/2018,9/1/2018 12:00:00 AM,Mês,Sudeste/Centro-Oeste,38124.45022688
August 2018,8/6/2018,7/27/2018,8/1/2018 12:00:00 AM,Mês,Sudeste/Centro-Oeste,37393.42799531
July 2018,7/6/2018,6/26/2018,7/1/2018 12:00:00 AM,Mês,Sudeste/Centro-Oeste,37060.46033685
June 2018,6/6/2018,5/27/2018,6/1/2018 12:00:00 AM,Mês,Sudeste/Centro-Oeste,37073.73611606
May 2018,5/6/2018,4/26/2018,5/1/2018 12:00:00 AM,Mês,Sudeste/Centro-Oeste,37337.95429235
April 2018,4/6/2018,3/27/2018,4/1/2018 12:00:00 AM,Mês,Sudeste/Centro-Oeste,39591.2392472
March 2018,3/6/2018,2/24/2018,3/1/2018 12:00:00 AM,Mês,Sudeste/Centro-Oeste,41890.33942688
February 2018,2/6/2018,1/27/2018,2/1/2018 12:00:00 AM,Mês,Sudeste/Centro-Oeste,39962.42140956
January 2018,1/6/2018,12/27/2017,1/1/2018 12:00:00 AM,Mês,Sudeste/Centro-Oeste,40095.31797891
December 2017,12/6/2017,11/26/2017,12/1/2017 12:00:00 AM,Mês,Sudeste/Centro-Oeste,38397.27108788
November 2017,11/6/2017,10/27/2017,11/1/2017 12:00:00 AM,Mês,Sudeste/Centro-Oeste,38197.4591779
October 2017,10/6/2017,9/26/2017,10/1/2017 12:00:00 AM,Mês,Sudeste/Centro-Oeste,38998.04769593
September 2017,9/6/2017,8/27/2017,9/1/2017 12:00:00 AM,Mês,Sudeste/Centro-Oeste,38238.89952789
August 2017,8/6/2017,7/27/2017,8/1/2017 12:00:00 AM,Mês,Sudeste/Centro-Oeste,36550.3048148
July 2017,7/6/2017,6/26/2017,7/1/2017 12:00:00 AM,Mês,Sudeste/Centro-Oeste,35370.76262767
June 2017,6/6/2017,5/27/2017,6/1/2017 12:00:00 AM,Mês,Sudeste/Centro-Oeste,36520.6317727
May 2017,5/6/2017,4/26/2017,5/1/2017 12:00:00 AM,Mês,Sudeste/Centro-Oeste,36876.01916795
April 2017,4/6/2017,3/27/2017,4/1/2017 12:00:00 AM,Mês,Sudeste/Centro-Oeste,37739.54223203
March 2017,3/6/2017,2/24/2017,3/1/2017 12:00:00 AM,Mês,Sudeste/Centro-Oeste,40491.73526879
February 2017,2/6/2017,1/27/2017,2/1/2017 12:00:00 AM,Mês,Sudeste/Centro-Oeste,40979.00954457
January 2017,1/6/2017,12/27/2016,1/1/2017 12:00:00 AM,Mês,Sudeste/Centro-Oeste,39881.95558528
December 2016,12/6/2016,11/26/2016,12/1/2016 12:00:00 AM,Mês,Sudeste/Centro-Oeste,37599.09948698
November 2016,11/6/2016,10/27/2016,11/1/2016 12:00:00 AM,Mês,Sudeste/Centro-Oeste,37402.3666373
October 2016,10/6/2016,9/26/2016,10/1/2016 12:00:00 AM,Mês,Sudeste/Centro-Oeste,37703.12219417
September 2016,9/6/2016,8/27/2016,9/1/2016 12:00:00 AM,Mês,Sudeste/Centro-Oeste,37414.56968864
August 2016,8/6/2016,7/27/2016,8/1/2016 12:00:00 AM,Mês,Sudeste/Centro-Oeste,36964.0109071
July 2016,7/6/2016,6/26/2016,7/1/2016 12:00:00 AM,Mês,Sudeste/Centro-Oeste,35943.32567674
June 2016,6/6/2016,5/27/2016,6/1/2016 12:00:00 AM,Mês,Sudeste/Centro-Oeste,35668.35619135
May 2016,5/6/2016,4/26/2016,5/1/2016 12:00:00 AM,Mês,Sudeste/Centro-Oeste,36489.89741983
April 2016,4/6/2016,3/27/2016,4/1/2016 12:00:00 AM,Mês,Sudeste/Centro-Oeste,40562.77142848
March 2016,3/6/2016,2/25/2016,3/1/2016 12:00:00 AM,Mês,Sudeste/Centro-Oeste,39743.02162886
February 2016,2/6/2016,1/27/2016,2/1/2016 12:00:00 AM,Mês,Sudeste/Centro-Oeste,40324.15728662
January 2016,1/6/2016,12/27/2015,1/1/2016 12:00:00 AM,Mês,Sudeste/Centro-Oeste,37362.51974635
December 2015,12/6/2015,11/26/2015,12/1/2015 12:00:00 AM,Mês,Sudeste/Centro-Oeste,38110.38337257
November 2015,11/6/2015,10/27/2015,11/1/2015 12:00:00 AM,Mês,Sudeste/Centro-Oeste,38433.06889509
October 2015,10/6/2015,9/26/2015,10/1/2015 12:00:00 AM,Mês,Sudeste/Centro-Oeste,39159.22561865
September 2015,9/6/2015,8/27/2015,9/1/2015 12:00:00 AM,Mês,Sudeste/Centro-Oeste,37944.84847428
August 2015,8/6/2015,7/27/2015,8/1/2015 12:00:00 AM,Mês,Sudeste/Centro-Oeste,36645.6938438
July 2015,7/6/2015,6/26/2015,7/1/2015 12:00:00 AM,Mês,Sudeste/Centro-Oeste,35804.6563106
June 2015,6/6/2015,5/27/2015,6/1/2015 12:00:00 AM,Mês,Sudeste/Centro-Oeste,35762.25387528
May 2015,5/6/2015,4/26/2015,5/1/2015 12:00:00 AM,Mês,Sudeste/Centro-Oeste,36216.22456983
April 2015,4/6/2015,3/27/2015,4/1/2015 12:00:00 AM,Mês,Sudeste/Centro-Oeste,38008.00657551
March 2015,3/6/2015,2/24/2015,3/1/2015 12:00:00 AM,Mês,Sudeste/Centro-Oeste,39364.21499494
February 2015,2/6/2015,1/27/2015,2/1/2015 12:00:00 AM,Mês,Sudeste/Centro-Oeste,40056.05793555
January 2015,1/6/2015,12/27/2014,1/1/2015 12:00:00 AM,Mês,Sudeste/Centro-Oeste,41386.73862457
December 2014,12/6/2014,11/26/2014,12/1/2014 12:00:00 AM,Mês,Sudeste/Centro-Oeste,36171.19092031
November 2014,11/6/2014,10/27/2014,11/1/2014 12:00:00 AM,Mês,Sudeste/Centro-Oeste,36280.76299583
October 2014,10/6/2014,9/26/2014,10/1/2014 12:00:00 AM,Mês,Sudeste/Centro-Oeste,37061.6403137
September 2014,9/6/2014,8/27/2014,9/1/2014 12:00:00 AM,Mês,Sudeste/Centro-Oeste,36130.76883889
August 2014,8/6/2014,7/27/2014,8/1/2014 12:00:00 AM,Mês,Sudeste/Centro-Oeste,34537.10420949
July 2014,7/6/2014,6/26/2014,7/1/2014 12:00:00 AM,Mês,Sudeste/Centro-Oeste,34146.18142204
June 2014,6/6/2014,5/27/2014,6/1/2014 12:00:00 AM,Mês,Sudeste/Centro-Oeste,34137.53615506
May 2014,5/6/2014,4/26/2014,5/1/2014 12:00:00 AM,Mês,Sudeste/Centro-Oeste,35309.27107902
April 2014,4/6/2014,3/27/2014,4/1/2014 12:00:00 AM,Mês,Sudeste/Centro-Oeste,35498.94178472
March 2014,3/6/2014,2/24/2014,3/1/2014 12:00:00 AM,Mês,Sudeste/Centro-Oeste,37553.26580613
February 2014,2/6/2014,1/27/2014,2/1/2014 12:00:00 AM,Mês,Sudeste/Centro-Oeste,39920.02716567
January 2014,1/6/2014,12/27/2013,1/1/2014 12:00:00 AM,Mês,Sudeste/Centro-Oeste,38757.89163978
December 2013,12/6/2013,11/26/2013,12/1/2013 12:00:00 AM,Mês,Sudeste/Centro-Oeste,34184.31735927
November 2013,11/6/2013,10/27/2013,11/1/2013 12:00:00 AM,Mês,Sudeste/Centro-Oeste,35403.97094722
October 2013,10/6/2013,9/26/2013,10/1/2013 12:00:00 AM,Mês,Sudeste/Centro-Oeste,35425.06919043
September 2013,9/6/2013,8/27/2013,9/1/2013 12:00:00 AM,Mês,Sudeste/Centro-Oeste,34810.17668611
August 2013,8/6/2013,7/27/2013,8/1/2013 12:00:00 AM,Mês,Sudeste/Centro-Oeste,33976.00987097
July 2013,7/6/2013,6/26/2013,7/1/2013 12:00:00 AM,Mês,Sudeste/Centro-Oeste,32923.75264247
June 2013,6/6/2013,5/27/2013,6/1/2013 12:00:00 AM,Mês,Sudeste/Centro-Oeste,32968.85205833
May 2013,5/6/2013,4/26/2013,5/1/2013 12:00:00 AM,Mês,Sudeste/Centro-Oeste,33046.06220824
April 2013,4/6/2013,3/27/2013,4/1/2013 12:00:00 AM,Mês,Sudeste/Centro-Oeste,34516.55725694
March 2013,3/6/2013,2/24/2013,3/1/2013 12:00:00 AM,Mês,Sudeste/Centro-Oeste,36142.04691263
February 2013,2/6/2013,1/27/2013,2/1/2013 12:00:00 AM,Mês,Sudeste/Centro-Oeste,36722.83897024
January 2013,1/6/2013,12/27/2012,1/1/2013 12:00:00 AM,Mês,Sudeste/Centro-Oeste,34541.18621505
December 2012,12/6/2012,11/26/2012,12/1/2012 12:00:00 AM,Mês,Sudeste/Centro-Oeste,36967.36060618
November 2012,11/6/2012,10/27/2012,11/1/2012 12:00:00 AM,Mês,Sudeste/Centro-Oeste,34769.84773228
October 2012,10/6/2012,9/26/2012,10/1/2012 12:00:00 AM,Mês,Sudeste/Centro-Oeste,36893.14645161
September 2012,9/6/2012,8/27/2012,9/1/2012 12:00:00 AM,Mês,Sudeste/Centro-Oeste,35552.69857083
August 2012,8/6/2012,7/27/2012,8/1/2012 12:00:00 AM,Mês,Sudeste/Centro-Oeste,34936.40371385
July 2012,7/6/2012,6/26/2012,7/1/2012 12:00:00 AM,Mês,Sudeste/Centro-Oeste,32553.34521909
June 2012,6/6/2012,5/27/2012,6/1/2012 12:00:00 AM,Mês,Sudeste/Centro-Oeste,32414.08587052
May 2012,5/6/2012,4/26/2012,5/1/2012 12:00:00 AM,Mês,Sudeste/Centro-Oeste,34276.55668683
April 2012,4/6/2012,3/27/2012,4/1/2012 12:00:00 AM,Mês,Sudeste/Centro-Oeste,36567.22059722
March 2012,3/6/2012,2/25/2012,3/1/2012 12:00:00 AM,Mês,Sudeste/Centro-Oeste,38365.98607527
February 2012,2/6/2012,1/27/2012,2/1/2012 12:00:00 AM,Mês,Sudeste/Centro-Oeste,37839.21125
January 2012,1/6/2012,12/27/2011,1/1/2012 12:00:00 AM,Mês,Sudeste/Centro-Oeste,35193.3249328
December 2011,12/6/2011,11/26/2011,12/1/2011 12:00:00 AM,Mês,Sudeste/Centro-Oeste,35128.04676075
November 2011,11/6/2011,10/27/2011,11/1/2011 12:00:00 AM,Mês,Sudeste/Centro-Oeste,34742.62226389
October 2011,10/6/2011,9/26/2011,10/1/2011 12:00:00 AM,Mês,Sudeste/Centro-Oeste,34539.98196237
September 2011,9/6/2011,8/27/2011,9/1/2011 12:00:00 AM,Mês,Sudeste/Centro-Oeste,34834.43644444
August 2011,8/6/2011,7/27/2011,8/1/2011 12:00:00 AM,Mês,Sudeste/Centro-Oeste,34757.33909946
July 2011,7/6/2011,6/26/2011,7/1/2011 12:00:00 AM,Mês,Sudeste/Centro-Oeste,33097.3949328
June 2011,6/6/2011,5/27/2011,6/1/2011 12:00:00 AM,Mês,Sudeste/Centro-Oeste,32613.02861111
May 2011,5/6/2011,4/26/2011,5/1/2011 12:00:00 AM,Mês,Sudeste/Centro-Oeste,33298.77739247
April 2011,4/6/2011,3/27/2011,4/1/2011 12:00:00 AM,Mês,Sudeste/Centro-Oeste,34864.42802778
March 2011,3/6/2011,2/24/2011,3/1/2011 12:00:00 AM,Mês,Sudeste/Centro-Oeste,34960.89962786
February 2011,2/6/2011,1/27/2011,2/1/2011 12:00:00 AM,Mês,Sudeste/Centro-Oeste,37140.59492738
January 2011,1/6/2011,12/27/2010,1/1/2011 12:00:00 AM,Mês,Sudeste/Centro-Oeste,34868.97982527
December 2010,12/6/2010,11/26/2010,12/1/2010 12:00:00 AM,Mês,Sudeste/Centro-Oeste,34495.10362903
November 2010,11/6/2010,10/27/2010,11/1/2010 12:00:00 AM,Mês,Sudeste/Centro-Oeste,33427.03229167
October 2010,10/6/2010,9/26/2010,10/1/2010 12:00:00 AM,Mês,Sudeste/Centro-Oeste,33160.57775538
September 2010,9/6/2010,8/27/2010,9/1/2010 12:00:00 AM,Mês,Sudeste/Centro-Oeste,34035.60838889
August 2010,8/6/2010,7/27/2010,8/1/2010 12:00:00 AM,Mês,Sudeste/Centro-Oeste,32875.82623656
July 2010,7/6/2010,6/26/2010,7/1/2010 12:00:00 AM,Mês,Sudeste/Centro-Oeste,32437.61037634
June 2010,6/6/2010,5/27/2010,6/1/2010 12:00:00 AM,Mês,Sudeste/Centro-Oeste,31891.99583333
May 2010,5/6/2010,4/26/2010,5/1/2010 12:00:00 AM,Mês,Sudeste/Centro-Oeste,32240.64502688
April 2010,4/6/2010,3/27/2010,4/1/2010 12:00:00 AM,Mês,Sudeste/Centro-Oeste,32864.08452778
March 2010,3/6/2010,2/24/2010,3/1/2010 12:00:00 AM,Mês,Sudeste/Centro-Oeste,34891.03103495
February 2010,2/6/2010,1/27/2010,2/1/2010 12:00:00 AM,Mês,Sudeste/Centro-Oeste,35293.77572917
January 2010,1/6/2010,12/27/2009,1/1/2010 12:00:00 AM,Mês,Sudeste/Centro-Oeste,33574.70875512
December 2009,12/6/2009,11/26/2009,12/1/2009 12:00:00 AM,Mês,Sudeste/Centro-Oeste,32458.13728495
November 2009,11/6/2009,10/27/2009,11/1/2009 12:00:00 AM,Mês,Sudeste/Centro-Oeste,33636.32336111
October 2009,10/6/2009,9/26/2009,10/1/2009 12:00:00 AM,Mês,Sudeste/Centro-Oeste,31928.34540323
September 2009,9/6/2009,8/27/2009,9/1/2009 12:00:00 AM,Mês,Sudeste/Centro-Oeste,31984.10975667
August 2009,8/6/2009,7/27/2009,8/1/2009 12:00:00 AM,Mês,Sudeste/Centro-Oeste,30694.90920699
July 2009,7/6/2009,6/26/2009,7/1/2009 12:00:00 AM,Mês,Sudeste/Centro-Oeste,30106.69580645
June 2009,6/6/2009,5/27/2009,6/1/2009 12:00:00 AM,Mês,Sudeste/Centro-Oeste,29069.17641667
May 2009,5/6/2009,4/26/2009,5/1/2009 12:00:00 AM,Mês,Sudeste/Centro-Oeste,29781.37087366
April 2009,4/6/2009,3/27/2009,4/1/2009 12:00:00 AM,Mês,Sudeste/Centro-Oeste,30176.03961111
March 2009,3/6/2009,2/24/2009,3/1/2009 12:00:00 AM,Mês,Sudeste/Centro-Oeste,32278.24798387
February 2009,2/6/2009,1/27/2009,2/1/2009 12:00:00 AM,Mês,Sudeste/Centro-Oeste,31328.50043155
January 2009,1/6/2009,12/27/2008,1/1/2009 12:00:00 AM,Mês,Sudeste/Centro-Oeste,29582.48946237
December 2008,12/6/2008,11/26/2008,12/1/2008 12:00:00 AM,Mês,Sudeste/Centro-Oeste,28845.63350806
November 2008,11/6/2008,10/27/2008,11/1/2008 12:00:00 AM,Mês,Sudeste/Centro-Oeste,30936.54510833
October 2008,10/6/2008,9/26/2008,10/1/2008 12:00:00 AM,Mês,Sudeste/Centro-Oeste,32914.4445672
September 2008,9/6/2008,8/27/2008,9/1/2008 12:00:00 AM,Mês,Sudeste/Centro-Oeste,32087.30625
August 2008,8/6/2008,7/27/2008,8/1/2008 12:00:00 AM,Mês,Sudeste/Centro-Oeste,32320.3521371
July 2008,7/6/2008,6/26/2008,7/1/2008 12:00:00 AM,Mês,Sudeste/Centro-Oeste,31335.82005376
June 2008,6/6/2008,5/27/2008,6/1/2008 12:00:00 AM,Mês,Sudeste/Centro-Oeste,31221.21134722
May 2008,5/6/2008,4/26/2008,5/1/2008 12:00:00 AM,Mês,Sudeste/Centro-Oeste,30832.63399194
April 2008,4/6/2008,3/27/2008,4/1/2008 12:00:00 AM,Mês,Sudeste/Centro-Oeste,32252.52808333
March 2008,3/6/2008,2/25/2008,3/1/2008 12:00:00 AM,Mês,Sudeste/Centro-Oeste,32245.93611559
February 2008,2/6/2008,1/27/2008,2/1/2008 12:00:00 AM,Mês,Sudeste/Centro-Oeste,31503.22244971
January 2008,1/6/2008,12/27/2007,1/1/2008 12:00:00 AM,Mês,Sudeste/Centro-Oeste,31190.80647043
December 2007,12/6/2007,11/26/2007,12/1/2007 12:00:00 AM,Mês,Sudeste/Centro-Oeste,31206.31552419
November 2007,11/6/2007,10/27/2007,11/1/2007 12:00:00 AM,Mês,Sudeste/Centro-Oeste,31251.06023611
October 2007,10/6/2007,9/26/2007,10/1/2007 12:00:00 AM,Mês,Sudeste/Centro-Oeste,31967.14805108
September 2007,9/6/2007,8/27/2007,9/1/2007 12:00:00 AM,Mês,Sudeste/Centro-Oeste,31166.00001111
August 2007,8/6/2007,7/27/2007,8/1/2007 12:00:00 AM,Mês,Sudeste/Centro-Oeste,30566.27726344
July 2007,7/6/2007,6/26/2007,7/1/2007 12:00:00 AM,Mês,Sudeste/Centro-Oeste,29573.75717742
June 2007,6/6/2007,5/27/2007,6/1/2007 12:00:00 AM,Mês,Sudeste/Centro-Oeste,29542.48468056
May 2007,5/6/2007,4/26/2007,5/1/2007 12:00:00 AM,Mês,Sudeste/Centro-Oeste,29881.48794355
April 2007,4/6/2007,3/27/2007,4/1/2007 12:00:00 AM,Mês,Sudeste/Centro-Oeste,31350.05961111
March 2007,3/6/2007,2/24/2007,3/1/2007 12:00:00 AM,Mês,Sudeste/Centro-Oeste,32676.08855645
February 2007,2/6/2007,1/27/2007,2/1/2007 12:00:00 AM,Mês,Sudeste/Centro-Oeste,30970.75052083
January 2007,1/6/2007,12/27/2006,1/1/2007 12:00:00 AM,Mês,Sudeste/Centro-Oeste,29960.04143817
December 2006,12/6/2006,11/26/2006,12/1/2006 12:00:00 AM,Mês,Sudeste/Centro-Oeste,29725.43664651
November 2006,11/6/2006,10/27/2006,11/1/2006 12:00:00 AM,Mês,Sudeste/Centro-Oeste,29796.29875
October 2006,10/6/2006,9/26/2006,10/1/2006 12:00:00 AM,Mês,Sudeste/Centro-Oeste,29255.40004704
September 2006,9/6/2006,8/27/2006,9/1/2006 12:00:00 AM,Mês,Sudeste/Centro-Oeste,29081.09865417
August 2006,8/6/2006,7/27/2006,8/1/2006 12:00:00 AM,Mês,Sudeste/Centro-Oeste,29679.7881586
July 2006,7/6/2006,6/26/2006,7/1/2006 12:00:00 AM,Mês,Sudeste/Centro-Oeste,28707.0993629
June 2006,6/6/2006,5/27/2006,6/1/2006 12:00:00 AM,Mês,Sudeste/Centro-Oeste,28456.18194444
May 2006,5/6/2006,4/26/2006,5/1/2006 12:00:00 AM,Mês,Sudeste/Centro-Oeste,28369.73352151
April 2006,4/6/2006,3/27/2006,4/1/2006 12:00:00 AM,Mês,Sudeste/Centro-Oeste,28994.79536111
March 2006,3/6/2006,2/24/2006,3/1/2006 12:00:00 AM,Mês,Sudeste/Centro-Oeste,30646.27965054
February 2006,2/6/2006,1/27/2006,2/1/2006 12:00:00 AM,Mês,Sudeste/Centro-Oeste,30149.90831548
January 2006,1/6/2006,12/27/2005,1/1/2006 12:00:00 AM,Mês,Sudeste/Centro-Oeste,29410.09740591
December 2005,12/6/2005,11/26/2005,12/1/2005 12:00:00 AM,Mês,Sudeste/Centro-Oeste,28163.79838172
November 2005,11/6/2005,10/27/2005,11/1/2005 12:00:00 AM,Mês,Sudeste/Centro-Oeste,28312.46225833
October 2005,10/6/2005,9/26/2005,10/1/2005 12:00:00 AM,Mês,Sudeste/Centro-Oeste,28991.801
September 2005,9/6/2005,8/27/2005,9/1/2005 12:00:00 AM,Mês,Sudeste/Centro-Oeste,28242.86740972
August 2005,8/6/2005,7/27/2005,8/1/2005 12:00:00 AM,Mês,Sudeste/Centro-Oeste,28499.19848932
July 2005,7/6/2005,6/26/2005,7/1/2005 12:00:00 AM,Mês,Sudeste/Centro-Oeste,27217.23512095
June 2005,6/6/2005,5/27/2005,6/1/2005 12:00:00 AM,Mês,Sudeste/Centro-Oeste,27921.09989718
May 2005,5/6/2005,4/26/2005,5/1/2005 12:00:00 AM,Mês,Sudeste/Centro-Oeste,27852.86724511
April 2005,4/6/2005,3/27/2005,4/1/2005 12:00:00 AM,Mês,Sudeste/Centro-Oeste,29611.05501377
March 2005,3/6/2005,2/24/2005,3/1/2005 12:00:00 AM,Mês,Sudeste/Centro-Oeste,29329.8892076
February 2005,2/6/2005,1/27/2005,2/1/2005 12:00:00 AM,Mês,Sudeste/Centro-Oeste,28324.55217286
January 2005,1/6/2005,12/27/2004,1/1/2005 12:00:00 AM,Mês,Sudeste/Centro-Oeste,27829.38264771
December 2004,12/6/2004,11/26/2004,12/1/2004 12:00:00 AM,Mês,Sudeste/Centro-Oeste,27695.44342731
November 2004,11/6/2004,10/27/2004,11/1/2004 12:00:00 AM,Mês,Sudeste/Centro-Oeste,28156.10778028
October 2004,10/6/2004,9/26/2004,10/1/2004 12:00:00 AM,Mês,Sudeste/Centro-Oeste,27771.49564556
September 2004,9/6/2004,8/27/2004,9/1/2004 12:00:00 AM,Mês,Sudeste/Centro-Oeste,28426.38831408
August 2004,8/6/2004,7/27/2004,8/1/2004 12:00:00 AM,Mês,Sudeste/Centro-Oeste,27178.62867073
July 2004,7/6/2004,6/26/2004,7/1/2004 12:00:00 AM,Mês,Sudeste/Centro-Oeste,26657.82241229
June 2004,6/6/2004,5/27/2004,6/1/2004 12:00:00 AM,Mês,Sudeste/Centro-Oeste,26579.44844942
May 2004,5/6/2004,4/26/2004,5/1/2004 12:00:00 AM,Mês,Sudeste/Centro-Oeste,26606.2961289
April 2004,4/6/2004,3/27/2004,4/1/2004 12:00:00 AM,Mês,Sudeste/Centro-Oeste,27323.33718104
March 2004,3/6/2004,2/25/2004,3/1/2004 12:00:00 AM,Mês,Sudeste/Centro-Oeste,27520.84330676
February 2004,2/6/2004,1/27/2004,2/1/2004 12:00:00 AM,Mês,Sudeste/Centro-Oeste,26801.95109207
January 2004,1/6/2004,12/27/2003,1/1/2004 12:00:00 AM,Mês,Sudeste/Centro-Oeste,26275.93167958
December 2003,12/6/2003,11/26/2003,12/1/2003 12:00:00 AM,Mês,Sudeste/Centro-Oeste,26662.93697588
November 2003,11/6/2003,10/27/2003,11/1/2003 12:00:00 AM,Mês,Sudeste/Centro-Oeste,26804.53481211
October 2003,10/6/2003,9/26/2003,10/1/2003 12:00:00 AM,Mês,Sudeste/Centro-Oeste,26829.76115583
September 2003,9/6/2003,8/27/2003,9/1/2003 12:00:00 AM,Mês,Sudeste/Centro-Oeste,26242.62583297
August 2003,8/6/2003,7/27/2003,8/1/2003 12:00:00 AM,Mês,Sudeste/Centro-Oeste,25465.21360225
July 2003,7/6/2003,6/26/2003,7/1/2003 12:00:00 AM,Mês,Sudeste/Centro-Oeste,25308.79012101
June 2003,6/6/2003,5/27/2003,6/1/2003 12:00:00 AM,Mês,Sudeste/Centro-Oeste,25326.08679207
May 2003,5/6/2003,4/26/2003,5/1/2003 12:00:00 AM,Mês,Sudeste/Centro-Oeste,25354.74973135
April 2003,4/6/2003,3/27/2003,4/1/2003 12:00:00 AM,Mês,Sudeste/Centro-Oeste,26235.74610292
March 2003,3/6/2003,2/24/2003,3/1/2003 12:00:00 AM,Mês,Sudeste/Centro-Oeste,26389.86064531
February 2003,2/6/2003,1/27/2003,2/1/2003 12:00:00 AM,Mês,Sudeste/Centro-Oeste,27507.62498562
January 2003,1/6/2003,12/27/2002,1/1/2003 12:00:00 AM,Mês,Sudeste/Centro-Oeste,25693.74368213
December 2002,12/6/2002,11/26/2002,12/1/2002 12:00:00 AM,Mês,Sudeste/Centro-Oeste,25636.16088679
November 2002,11/6/2002,10/27/2002,11/1/2002 12:00:00 AM,Mês,Sudeste/Centro-Oeste,26383.89659765
October 2002,10/6/2002,9/26/2002,10/1/2002 12:00:00 AM,Mês,Sudeste/Centro-Oeste,27126.00813181
September 2002,9/6/2002,8/27/2002,9/1/2002 12:00:00 AM,Mês,Sudeste/Centro-Oeste,24970.46791698
August 2002,8/6/2002,7/27/2002,8/1/2002 12:00:00 AM,Mês,Sudeste/Centro-Oeste,25149.89240725
July 2002,7/6/2002,6/26/2002,7/1/2002 12:00:00 AM,Mês,Sudeste/Centro-Oeste,24237.84665085
June 2002,6/6/2002,5/27/2002,6/1/2002 12:00:00 AM,Mês,Sudeste/Centro-Oeste,24626.89848563
May 2002,5/6/2002,4/26/2002,5/1/2002 12:00:00 AM,Mês,Sudeste/Centro-Oeste,24774.47123648
April 2002,4/6/2002,3/27/2002,4/1/2002 12:00:00 AM,Mês,Sudeste/Centro-Oeste,25772.85000018
March 2002,3/6/2002,2/24/2002,3/1/2002 12:00:00 AM,Mês,Sudeste/Centro-Oeste,25133.20122297
February 2002,2/6/2002,1/27/2002,2/1/2002 12:00:00 AM,Mês,Sudeste/Centro-Oeste,23452.70220191
January 2002,1/6/2002,12/27/2001,1/1/2002 12:00:00 AM,Mês,Sudeste/Centro-Oeste,22719.87901889
December 2001,12/6/2001,11/26/2001,12/1/2001 12:00:00 AM,Mês,Sudeste/Centro-Oeste,21349.00794355
November 2001,11/6/2001,10/27/2001,11/1/2001 12:00:00 AM,Mês,Sudeste/Centro-Oeste,21504.02511111
October 2001,10/6/2001,9/26/2001,10/1/2001 12:00:00 AM,Mês,Sudeste/Centro-Oeste,20952.31772715
September 2001,9/6/2001,8/27/2001,9/1/2001 12:00:00 AM,Mês,Sudeste/Centro-Oeste,20646.84029167
August 2001,8/6/2001,7/27/2001,8/1/2001 12:00:00 AM,Mês,Sudeste/Centro-Oeste,20395.28525538
July 2001,7/6/2001,6/26/2001,7/1/2001 12:00:00 AM,Mês,Sudeste/Centro-Oeste,19852.42819892
June 2001,6/6/2001,5/27/2001,6/1/2001 12:00:00 AM,Mês,Sudeste/Centro-Oeste,20512.82373611
May 2001,5/6/2001,4/26/2001,5/1/2001 12:00:00 AM,Mês,Sudeste/Centro-Oeste,25055.13888441
April 2001,4/6/2001,3/27/2001,4/1/2001 12:00:00 AM,Mês,Sudeste/Centro-Oeste,27213.965
March 2001,3/6/2001,2/24/2001,3/1/2001 12:00:00 AM,Mês,Sudeste/Centro-Oeste,27824.66299731
February 2001,2/6/2001,1/27/2001,2/1/2001 12:00:00 AM,Mês,Sudeste/Centro-Oeste,27539.32787202
January 2001,1/6/2001,12/27/2000,1/1/2001 12:00:00 AM,Mês,Sudeste/Centro-Oeste,26625.97615591
December 2000,12/6/2000,11/26/2000,12/1/2000 12:00:00 AM,Mês,Sudeste/Centro-Oeste,26041.55573925
November 2000,11/6/2000,10/27/2000,11/1/2000 12:00:00 AM,Mês,Sudeste/Centro-Oeste,26253.36291667
October 2000,10/6/2000,9/26/2000,10/1/2000 12:00:00 AM,Mês,Sudeste/Centro-Oeste,27077.4840755
September 2000,9/6/2000,8/27/2000,9/1/2000 12:00:00 AM,Mês,Sudeste/Centro-Oeste,26045.44756944
August 2000,8/6/2000,7/27/2000,8/1/2000 12:00:00 AM,Mês,Sudeste/Centro-Oeste,26006.38830645
July 2000,7/6/2000,6/26/2000,7/1/2000 12:00:00 AM,Mês,Sudeste/Centro-Oeste,25299.99731183
June 2000,6/6/2000,5/27/2000,6/1/2000 12:00:00 AM,Mês,Sudeste/Centro-Oeste,24734.85180556
May 2000,5/6/2000,4/26/2000,5/1/2000 12:00:00 AM,Mês,Sudeste/Centro-Oeste,25457.51612903
April 2000,4/6/2000,3/27/2000,4/1/2000 12:00:00 AM,Mês,Sudeste/Centro-Oeste,25352.02611111
March 2000,3/6/2000,2/25/2000,3/1/2000 12:00:00 AM,Mês,Sudeste/Centro-Oeste,25470.85502418
February 2000,2/6/2000,1/27/2000,2/1/2000 12:00:00 AM,Mês,Sudeste/Centro-Oeste,25588.78850575
January 2000,1/6/2000,12/27/1999,1/1/2000 12:00:00 AM,Mês,Sudeste/Centro-Oeste,24463.18615591
