"","l","s1","s2","s3","s4","s5","s6","s7","s8","s9","s10","s11","s12"
"1",2884.85112115678,0.473753324671269,0.516270398710614,0.640967861853743,0.810416515658472,0.893010488451497,1.24348779503965,1.60606033131391,1.67295027722734,1.61682760024825,1.16889677517966,0.766437202678246,0.590921428967345
"2",2786.76404839628,0.59083151844205,0.473753324671269,0.516270398710614,0.640967861853743,0.810416515658472,0.893010488451497,1.24348779503965,1.60606033131391,1.67295027722734,1.61682760024825,1.16889677517966,0.766437202678246
"3",2969.68670679945,0.766662334201274,0.59083151844205,0.473753324671269,0.516270398710614,0.640967861853743,0.810416515658472,0.893010488451497,1.24348779503965,1.60606033131391,1.67295027722734,1.61682760024825,1.16889677517966
"4",3014.3899871752,1.16897551553057,0.766662334201274,0.59083151844205,0.473753324671269,0.516270398710614,0.640967861853743,0.810416515658472,0.893010488451497,1.24348779503965,1.60606033131391,1.67295027722734,1.61682760024825
"5",2434.01945447814,1.61543456515732,1.16897551553057,0.766662334201274,0.59083151844205,0.473753324671269,0.516270398710614,0.640967861853743,0.810416515658472,0.893010488451497,1.24348779503965,1.60606033131391,1.67295027722734
"6",2181.90646544051,1.67217484001836,1.61543456515732,1.16897551553057,0.766662334201274,0.59083151844205,0.473753324671269,0.516270398710614,0.640967861853743,0.810416515658472,0.893010488451497,1.24348779503965,1.60606033131391
"7",1997.49060023279,1.60545287306518,1.67217484001836,1.61543456515732,1.16897551553057,0.766662334201274,0.59083151844205,0.473753324671269,0.516270398710614,0.640967861853743,0.810416515658472,0.893010488451497,1.24348779503965
"8",1911.40601372326,1.2432479809985,1.60545287306518,1.67217484001836,1.61543456515732,1.16897551553057,0.766662334201274,0.59083151844205,0.473753324671269,0.516270398710614,0.640967861853743,0.810416515658472,0.893010488451497
"9",2035.39253645554,0.89326970965277,1.2432479809985,1.60545287306518,1.67217484001836,1.61543456515732,1.16897551553057,0.766662334201274,0.59083151844205,0.473753324671269,0.516270398710614,0.640967861853743,0.810416515658472
"10",2092.91573979082,0.810519008986529,0.89326970965277,1.2432479809985,1.60545287306518,1.67217484001836,1.61543456515732,1.16897551553057,0.766662334201274,0.59083151844205,0.473753324671269,0.516270398710614,0.640967861853743
"11",2216.57142236583,0.641137331146317,0.810519008986529,0.89326970965277,1.2432479809985,1.60545287306518,1.67217484001836,1.61543456515732,1.16897551553057,0.766662334201274,0.59083151844205,0.473753324671269,0.516270398710614
"12",2348.09489850885,0.516407484109712,0.641137331146317,0.810519008986529,0.89326970965277,1.2432479809985,1.60545287306518,1.67217484001836,1.61543456515732,1.16897551553057,0.766662334201274,0.59083151844205,0.473753324671269
"13",2638.06742855893,0.474015134478353,0.516407484109712,0.641137331146317,0.810519008986529,0.89326970965277,1.2432479809985,1.60545287306518,1.67217484001836,1.61543456515732,1.16897551553057,0.766662334201274,0.59083151844205
"14",3048.26315105855,0.591242631543842,0.474015134478353,0.516407484109712,0.641137331146317,0.810519008986529,0.89326970965277,1.2432479809985,1.60545287306518,1.67217484001836,1.61543456515732,1.16897551553057,0.766662334201274
"15",2962.36399485503,0.766565655012924,0.591242631543842,0.474015134478353,0.516407484109712,0.641137331146317,0.810519008986529,0.89326970965277,1.2432479809985,1.60545287306518,1.67217484001836,1.61543456515732,1.16897551553057
"16",2954.74531545043,1.16896206191171,0.766565655012924,0.591242631543842,0.474015134478353,0.516407484109712,0.641137331146317,0.810519008986529,0.89326970965277,1.2432479809985,1.60545287306518,1.67217484001836,1.61543456515732
"17",3076.87028753888,1.61573335527059,1.16896206191171,0.766565655012924,0.591242631543842,0.474015134478353,0.516407484109712,0.641137331146317,0.810519008986529,0.89326970965277,1.2432479809985,1.60545287306518,1.67217484001836
"18",3399.84513041212,1.67296031728354,1.61573335527059,1.16896206191171,0.766565655012924,0.591242631543842,0.474015134478353,0.516407484109712,0.641137331146317,0.810519008986529,0.89326970965277,1.2432479809985,1.60545287306518
"19",2936.06886776198,1.60447284306411,1.67296031728354,1.61573335527059,1.16896206191171,0.766565655012924,0.591242631543842,0.474015134478353,0.516407484109712,0.641137331146317,0.810519008986529,0.89326970965277,1.2432479809985
"20",2458.371063759,1.24234279631559,1.60447284306411,1.67296031728354,1.61573335527059,1.16896206191171,0.766565655012924,0.591242631543842,0.474015134478353,0.516407484109712,0.641137331146317,0.810519008986529,0.89326970965277
"21",2715.41903407973,0.893687676445015,1.24234279631559,1.60447284306411,1.67296031728354,1.61573335527059,1.16896206191171,0.766565655012924,0.591242631543842,0.474015134478353,0.516407484109712,0.641137331146317,0.810519008986529
"22",2472.09115165512,0.810193988564001,0.893687676445015,1.24234279631559,1.60447284306411,1.67296031728354,1.61573335527059,1.16896206191171,0.766565655012924,0.591242631543842,0.474015134478353,0.516407484109712,0.641137331146317
"23",2527.58511900403,0.641201736917723,0.810193988564001,0.893687676445015,1.24234279631559,1.60447284306411,1.67296031728354,1.61573335527059,1.16896206191171,0.766565655012924,0.591242631543842,0.474015134478353,0.516407484109712
"24",2750.88167989501,0.516611639663708,0.641201736917723,0.810193988564001,0.893687676445015,1.24234279631559,1.60447284306411,1.67296031728354,1.61573335527059,1.16896206191171,0.766565655012924,0.591242631543842,0.474015134478353
"25",3116.14907197164,0.474296793475122,0.516611639663708,0.641201736917723,0.810193988564001,0.893687676445015,1.24234279631559,1.60447284306411,1.67296031728354,1.61573335527059,1.16896206191171,0.766565655012924,0.591242631543842
"26",2441.8988144372,0.590670150561804,0.474296793475122,0.516611639663708,0.641201736917723,0.810193988564001,0.893687676445015,1.24234279631559,1.60447284306411,1.67296031728354,1.61573335527059,1.16896206191171,0.766565655012924
"27",2582.78724787935,0.766763574911883,0.590670150561804,0.474296793475122,0.516611639663708,0.641201736917723,0.810193988564001,0.893687676445015,1.24234279631559,1.60447284306411,1.67296031728354,1.61573335527059,1.16896206191171
"28",2654.60596118031,1.16910752132457,0.766763574911883,0.590670150561804,0.474296793475122,0.516611639663708,0.641201736917723,0.810193988564001,0.893687676445015,1.24234279631559,1.60447284306411,1.67296031728354,1.61573335527059
"29",3059.62610764158,1.61683651570908,1.16910752132457,0.766763574911883,0.590670150561804,0.474296793475122,0.516611639663708,0.641201736917723,0.810193988564001,0.893687676445015,1.24234279631559,1.60447284306411,1.67296031728354
"30",3253.03840086329,1.6734335707272,1.61683651570908,1.16910752132457,0.766763574911883,0.590670150561804,0.474296793475122,0.516611639663708,0.641201736917723,0.810193988564001,0.893687676445015,1.24234279631559,1.60447284306411
"31",2928.81209060338,1.60375722077014,1.6734335707272,1.61683651570908,1.16910752132457,0.766763574911883,0.590670150561804,0.474296793475122,0.516611639663708,0.641201736917723,0.810193988564001,0.893687676445015,1.24234279631559
"32",3016.37547900771,1.24250900929078,1.60375722077014,1.6734335707272,1.61683651570908,1.16910752132457,0.766763574911883,0.590670150561804,0.474296793475122,0.516611639663708,0.641201736917723,0.810193988564001,0.893687676445015
"33",2837.44592534286,0.893450443569343,1.24250900929078,1.60375722077014,1.6734335707272,1.61683651570908,1.16910752132457,0.766763574911883,0.590670150561804,0.474296793475122,0.516611639663708,0.641201736917723,0.810193988564001
"34",2679.98385598249,0.809992787717077,0.893450443569343,1.24250900929078,1.60375722077014,1.6734335707272,1.61683651570908,1.16910752132457,0.766763574911883,0.590670150561804,0.474296793475122,0.516611639663708,0.641201736917723
"35",2755.35085216004,0.641282429970447,0.809992787717077,0.893450443569343,1.24250900929078,1.60375722077014,1.6734335707272,1.61683651570908,1.16910752132457,0.766763574911883,0.590670150561804,0.474296793475122,0.516611639663708
"36",2765.6651140667,0.516620293683051,0.641282429970447,0.809992787717077,0.893450443569343,1.24250900929078,1.60375722077014,1.6734335707272,1.61683651570908,1.16910752132457,0.766763574911883,0.590670150561804,0.474296793475122
"37",2850.05358398271,0.474361556352602,0.516620293683051,0.641282429970447,0.809992787717077,0.893450443569343,1.24250900929078,1.60375722077014,1.6734335707272,1.61683651570908,1.16910752132457,0.766763574911883,0.590670150561804
"38",2602.68006583959,0.590440727203953,0.474361556352602,0.516620293683051,0.641282429970447,0.809992787717077,0.893450443569343,1.24250900929078,1.60375722077014,1.6734335707272,1.61683651570908,1.16910752132457,0.766763574911883
"39",2583.51578911806,0.766738309548553,0.590440727203953,0.474361556352602,0.516620293683051,0.641282429970447,0.809992787717077,0.893450443569343,1.24250900929078,1.60375722077014,1.6734335707272,1.61683651570908,1.16910752132457
"40",2629.9549608796,1.16920156297167,0.766738309548553,0.590440727203953,0.474361556352602,0.516620293683051,0.641282429970447,0.809992787717077,0.893450443569343,1.24250900929078,1.60375722077014,1.6734335707272,1.61683651570908
"41",2605.44318559837,1.61676908076659,1.16920156297167,0.766738309548553,0.590440727203953,0.474361556352602,0.516620293683051,0.641282429970447,0.809992787717077,0.893450443569343,1.24250900929078,1.60375722077014,1.6734335707272
"42",3313.94275527642,1.67546995103006,1.61676908076659,1.16920156297167,0.766738309548553,0.590440727203953,0.474361556352602,0.516620293683051,0.641282429970447,0.809992787717077,0.893450443569343,1.24250900929078,1.60375722077014
"43",3408.46693004299,1.60396192600276,1.67546995103006,1.61676908076659,1.16920156297167,0.766738309548553,0.590440727203953,0.474361556352602,0.516620293683051,0.641282429970447,0.809992787717077,0.893450443569343,1.24250900929078
"44",3420.49368163427,1.24252862848785,1.60396192600276,1.67546995103006,1.61676908076659,1.16920156297167,0.766738309548553,0.590440727203953,0.474361556352602,0.516620293683051,0.641282429970447,0.809992787717077,0.893450443569343
"45",3676.7721107102,0.893750005179674,1.24252862848785,1.60396192600276,1.67546995103006,1.61676908076659,1.16920156297167,0.766738309548553,0.590440727203953,0.474361556352602,0.516620293683051,0.641282429970447,0.809992787717077
"46",3773.07051217237,0.810087722627321,0.893750005179674,1.24252862848785,1.60396192600276,1.67546995103006,1.61676908076659,1.16920156297167,0.766738309548553,0.590440727203953,0.474361556352602,0.516620293683051,0.641282429970447
"47",3920.38430867979,0.641394474399741,0.810087722627321,0.893750005179674,1.24252862848785,1.60396192600276,1.67546995103006,1.61676908076659,1.16920156297167,0.766738309548553,0.590440727203953,0.474361556352602,0.516620293683051
"48",3646.14471602673,0.516458573061462,0.641394474399741,0.810087722627321,0.893750005179674,1.24252862848785,1.60396192600276,1.67546995103006,1.61676908076659,1.16920156297167,0.766738309548553,0.590440727203953,0.474361556352602
"49",3230.39203623479,0.474119507478034,0.516458573061462,0.641394474399741,0.810087722627321,0.893750005179674,1.24252862848785,1.60396192600276,1.67546995103006,1.61676908076659,1.16920156297167,0.766738309548553,0.590440727203953
"50",3368.58501942403,0.590553758704907,0.474119507478034,0.516458573061462,0.641394474399741,0.810087722627321,0.893750005179674,1.24252862848785,1.60396192600276,1.67546995103006,1.61676908076659,1.16920156297167,0.766738309548553
"51",3250.51401334256,0.766618045632582,0.590553758704907,0.474119507478034,0.516458573061462,0.641394474399741,0.810087722627321,0.893750005179674,1.24252862848785,1.60396192600276,1.67546995103006,1.61676908076659,1.16920156297167
"52",3195.53319154711,1.16911306343468,0.766618045632582,0.590553758704907,0.474119507478034,0.516458573061462,0.641394474399741,0.810087722627321,0.893750005179674,1.24252862848785,1.60396192600276,1.67546995103006,1.61676908076659
"53",3587.00200884511,1.61765540834565,1.16911306343468,0.766618045632582,0.590553758704907,0.474119507478034,0.516458573061462,0.641394474399741,0.810087722627321,0.893750005179674,1.24252862848785,1.60396192600276,1.67546995103006
"54",3357.89478964843,1.67499106052701,1.61765540834565,1.16911306343468,0.766618045632582,0.590553758704907,0.474119507478034,0.516458573061462,0.641394474399741,0.810087722627321,0.893750005179674,1.24252862848785,1.60396192600276
"55",3228.88754939066,1.60368616459827,1.67499106052701,1.61765540834565,1.16911306343468,0.766618045632582,0.590553758704907,0.474119507478034,0.516458573061462,0.641394474399741,0.810087722627321,0.893750005179674,1.24252862848785
"56",2918.05473625071,1.24199335865282,1.60368616459827,1.67499106052701,1.61765540834565,1.16911306343468,0.766618045632582,0.590553758704907,0.474119507478034,0.516458573061462,0.641394474399741,0.810087722627321,0.893750005179674
"57",3078.57660529037,0.893970018643333,1.24199335865282,1.60368616459827,1.67499106052701,1.61765540834565,1.16911306343468,0.766618045632582,0.590553758704907,0.474119507478034,0.516458573061462,0.641394474399741,0.810087722627321
"58",3158.58941641922,0.810181940662121,0.893970018643333,1.24199335865282,1.60368616459827,1.67499106052701,1.61765540834565,1.16911306343468,0.766618045632582,0.590553758704907,0.474119507478034,0.516458573061462,0.641394474399741
"59",3114.74185728411,0.641354629761522,0.810181940662121,0.893970018643333,1.24199335865282,1.60368616459827,1.67499106052701,1.61765540834565,1.16911306343468,0.766618045632582,0.590553758704907,0.474119507478034,0.516458573061462
"60",3077.69156880007,0.516431081623741,0.641354629761522,0.810181940662121,0.893970018643333,1.24199335865282,1.60368616459827,1.67499106052701,1.61765540834565,1.16911306343468,0.766618045632582,0.590553758704907,0.474119507478034
"61",3602.16414312523,0.474481065448471,0.516431081623741,0.641354629761522,0.810181940662121,0.893970018643333,1.24199335865282,1.60368616459827,1.67499106052701,1.61765540834565,1.16911306343468,0.766618045632582,0.590553758704907
"62",3701.55750789899,0.59062667855368,0.474481065448471,0.516431081623741,0.641354629761522,0.810181940662121,0.893970018643333,1.24199335865282,1.60368616459827,1.67499106052701,1.61765540834565,1.16911306343468,0.766618045632582
"63",3574.44979198799,0.766500241946788,0.59062667855368,0.474481065448471,0.516431081623741,0.641354629761522,0.810181940662121,0.893970018643333,1.24199335865282,1.60368616459827,1.67499106052701,1.61765540834565,1.16911306343468
"64",4111.59726813724,1.16989926386759,0.766500241946788,0.59062667855368,0.474481065448471,0.516431081623741,0.641354629761522,0.810181940662121,0.893970018643333,1.24199335865282,1.60368616459827,1.67499106052701,1.61765540834565
"65",3237.37627880541,1.61611622944398,1.16989926386759,0.766500241946788,0.59062667855368,0.474481065448471,0.516431081623741,0.641354629761522,0.810181940662121,0.893970018643333,1.24199335865282,1.60368616459827,1.67499106052701
"66",2912.31285040576,1.67423843342718,1.61611622944398,1.16989926386759,0.766500241946788,0.59062667855368,0.474481065448471,0.516431081623741,0.641354629761522,0.810181940662121,0.893970018643333,1.24199335865282,1.60368616459827
"67",3187.6016849863,1.60436452795455,1.67423843342718,1.61611622944398,1.16989926386759,0.766500241946788,0.59062667855368,0.474481065448471,0.516431081623741,0.641354629761522,0.810181940662121,0.893970018643333,1.24199335865282
"68",3530.98163658166,1.24259207702899,1.60436452795455,1.67423843342718,1.61611622944398,1.16989926386759,0.766500241946788,0.59062667855368,0.474481065448471,0.516431081623741,0.641354629761522,0.810181940662121,0.893970018643333
"69",3245.34612983564,0.893646401056744,1.24259207702899,1.60436452795455,1.67423843342718,1.61611622944398,1.16989926386759,0.766500241946788,0.59062667855368,0.474481065448471,0.516431081623741,0.641354629761522,0.810181940662121
"70",2926.91795399508,0.809826206600168,0.893646401056744,1.24259207702899,1.60436452795455,1.67423843342718,1.61611622944398,1.16989926386759,0.766500241946788,0.59062667855368,0.474481065448471,0.516431081623741,0.641354629761522
"71",2995.2606288251,0.64142164477125,0.809826206600168,0.893646401056744,1.24259207702899,1.60436452795455,1.67423843342718,1.61611622944398,1.16989926386759,0.766500241946788,0.59062667855368,0.474481065448471,0.516431081623741
"72",3140.06770734762,0.516542809096028,0.64142164477125,0.809826206600168,0.893646401056744,1.24259207702899,1.60436452795455,1.67423843342718,1.61611622944398,1.16989926386759,0.766500241946788,0.59062667855368,0.474481065448471
"73",3509.28295360361,0.474730727150569,0.516542809096028,0.64142164477125,0.809826206600168,0.893646401056744,1.24259207702899,1.60436452795455,1.67423843342718,1.61611622944398,1.16989926386759,0.766500241946788,0.59062667855368
"74",3939.79765021457,0.59095092489328,0.474730727150569,0.516542809096028,0.64142164477125,0.809826206600168,0.893646401056744,1.24259207702899,1.60436452795455,1.67423843342718,1.61611622944398,1.16989926386759,0.766500241946788
"75",3707.70431254106,0.766298175836946,0.59095092489328,0.474730727150569,0.516542809096028,0.64142164477125,0.809826206600168,0.893646401056744,1.24259207702899,1.60436452795455,1.67423843342718,1.61611622944398,1.16989926386759
"76",4274.51038349338,1.17069959607786,0.766298175836946,0.59095092489328,0.474730727150569,0.516542809096028,0.64142164477125,0.809826206600168,0.893646401056744,1.24259207702899,1.60436452795455,1.67423843342718,1.61611622944398
"77",5132.55699049657,1.61756797170832,1.17069959607786,0.766298175836946,0.59095092489328,0.474730727150569,0.516542809096028,0.64142164477125,0.809826206600168,0.893646401056744,1.24259207702899,1.60436452795455,1.67423843342718
"78",5197.15554304553,1.67433273061494,1.61756797170832,1.17069959607786,0.766298175836946,0.59095092489328,0.474730727150569,0.516542809096028,0.64142164477125,0.809826206600168,0.893646401056744,1.24259207702899,1.60436452795455
"79",3913.25811136011,1.60259090993016,1.67433273061494,1.61756797170832,1.17069959607786,0.766298175836946,0.59095092489328,0.474730727150569,0.516542809096028,0.64142164477125,0.809826206600168,0.893646401056744,1.24259207702899
"80",3206.03706859917,1.24158714268798,1.60259090993016,1.67433273061494,1.61756797170832,1.17069959607786,0.766298175836946,0.59095092489328,0.474730727150569,0.516542809096028,0.64142164477125,0.809826206600168,0.893646401056744
"81",3176.15922792121,0.893609132823453,1.24158714268798,1.60259090993016,1.67433273061494,1.61756797170832,1.17069959607786,0.766298175836946,0.59095092489328,0.474730727150569,0.516542809096028,0.64142164477125,0.809826206600168
"82",3001.22075937211,0.809626603488348,0.893609132823453,1.24158714268798,1.60259090993016,1.67433273061494,1.61756797170832,1.17069959607786,0.766298175836946,0.59095092489328,0.474730727150569,0.516542809096028,0.64142164477125
"83",3338.54624884416,0.641744261776591,0.809626603488348,0.893609132823453,1.24158714268798,1.60259090993016,1.67433273061494,1.61756797170832,1.17069959607786,0.766298175836946,0.59095092489328,0.474730727150569,0.516542809096028
"84",3477.00987317538,0.516638677841751,0.641744261776591,0.809626603488348,0.893609132823453,1.24158714268798,1.60259090993016,1.67433273061494,1.61756797170832,1.17069959607786,0.766298175836946,0.59095092489328,0.474730727150569
"85",3010.22410784763,0.474445525884293,0.516638677841751,0.641744261776591,0.809626603488348,0.893609132823453,1.24158714268798,1.60259090993016,1.67433273061494,1.61756797170832,1.17069959607786,0.766298175836946,0.59095092489328
"86",2515.59722271003,0.590516391924528,0.474445525884293,0.516638677841751,0.641744261776591,0.809626603488348,0.893609132823453,1.24158714268798,1.60259090993016,1.67433273061494,1.61756797170832,1.17069959607786,0.766298175836946
"87",2805.22054407076,0.766692980834872,0.590516391924528,0.474445525884293,0.516638677841751,0.641744261776591,0.809626603488348,0.893609132823453,1.24158714268798,1.60259090993016,1.67433273061494,1.61756797170832,1.17069959607786
"88",2597.04561815669,1.17031082020639,0.766692980834872,0.590516391924528,0.474445525884293,0.516638677841751,0.641744261776591,0.809626603488348,0.893609132823453,1.24158714268798,1.60259090993016,1.67433273061494,1.61756797170832
"89",2396.47161522654,1.61700892250881,1.17031082020639,0.766692980834872,0.590516391924528,0.474445525884293,0.516638677841751,0.641744261776591,0.809626603488348,0.893609132823453,1.24158714268798,1.60259090993016,1.67433273061494
"90",3167.53849690622,1.67674349049205,1.61700892250881,1.17031082020639,0.766692980834872,0.590516391924528,0.474445525884293,0.516638677841751,0.641744261776591,0.809626603488348,0.893609132823453,1.24158714268798,1.60259090993016
"91",3573.39868141833,1.6035098128865,1.67674349049205,1.61700892250881,1.17031082020639,0.766692980834872,0.590516391924528,0.474445525884293,0.516638677841751,0.641744261776591,0.809626603488348,0.893609132823453,1.24158714268798
"92",3875.1662633325,1.24205634564847,1.6035098128865,1.67674349049205,1.61700892250881,1.17031082020639,0.766692980834872,0.590516391924528,0.474445525884293,0.516638677841751,0.641744261776591,0.809626603488348,0.893609132823453
"93",3910.19002148901,0.893645274844174,1.24205634564847,1.6035098128865,1.67674349049205,1.61700892250881,1.17031082020639,0.766692980834872,0.590516391924528,0.474445525884293,0.516638677841751,0.641744261776591,0.809626603488348
"94",3595.47328145516,0.809334995660322,0.893645274844174,1.24205634564847,1.6035098128865,1.67674349049205,1.61700892250881,1.17031082020639,0.766692980834872,0.590516391924528,0.474445525884293,0.516638677841751,0.641744261776591
"95",3367.56654342757,0.641562226515695,0.809334995660322,0.893645274844174,1.24205634564847,1.6035098128865,1.67674349049205,1.61700892250881,1.17031082020639,0.766692980834872,0.590516391924528,0.474445525884293,0.516638677841751
"96",3928.73290082234,0.517023938607745,0.641562226515695,0.809334995660322,0.893645274844174,1.24205634564847,1.6035098128865,1.67674349049205,1.61700892250881,1.17031082020639,0.766692980834872,0.590516391924528,0.474445525884293
"97",3558.75558667176,0.474245585107968,0.517023938607745,0.641562226515695,0.809334995660322,0.893645274844174,1.24205634564847,1.6035098128865,1.67674349049205,1.61700892250881,1.17031082020639,0.766692980834872,0.590516391924528
"98",3479.79171040804,0.590457757227969,0.474245585107968,0.517023938607745,0.641562226515695,0.809334995660322,0.893645274844174,1.24205634564847,1.6035098128865,1.67674349049205,1.61700892250881,1.17031082020639,0.766692980834872
"99",3355.19647299007,0.766570134527354,0.590457757227969,0.474245585107968,0.517023938607745,0.641562226515695,0.809334995660322,0.893645274844174,1.24205634564847,1.6035098128865,1.67674349049205,1.61700892250881,1.17031082020639
"100",3215.89427258971,1.17009338309627,0.766570134527354,0.590457757227969,0.474245585107968,0.517023938607745,0.641562226515695,0.809334995660322,0.893645274844174,1.24205634564847,1.6035098128865,1.67674349049205,1.61700892250881
"101",3244.60568825735,1.61707352625286,1.17009338309627,0.766570134527354,0.590457757227969,0.474245585107968,0.517023938607745,0.641562226515695,0.809334995660322,0.893645274844174,1.24205634564847,1.6035098128865,1.67674349049205
"102",3592.2556634572,1.67754745954817,1.61707352625286,1.17009338309627,0.766570134527354,0.590457757227969,0.474245585107968,0.517023938607745,0.641562226515695,0.809334995660322,0.893645274844174,1.24205634564847,1.6035098128865
"103",3146.85016728767,1.60262009487467,1.67754745954817,1.61707352625286,1.17009338309627,0.766570134527354,0.590457757227969,0.474245585107968,0.517023938607745,0.641562226515695,0.809334995660322,0.893645274844174,1.24205634564847
"104",3537.02302418162,1.24274549716078,1.60262009487467,1.67754745954817,1.61707352625286,1.17009338309627,0.766570134527354,0.590457757227969,0.474245585107968,0.517023938607745,0.641562226515695,0.809334995660322,0.893645274844174
"105",3449.32833480569,0.893546124780443,1.24274549716078,1.60262009487467,1.67754745954817,1.61707352625286,1.17009338309627,0.766570134527354,0.590457757227969,0.474245585107968,0.517023938607745,0.641562226515695,0.809334995660322
"106",3218.90921206887,0.809093057301887,0.893546124780443,1.24274549716078,1.60262009487467,1.67754745954817,1.61707352625286,1.17009338309627,0.766570134527354,0.590457757227969,0.474245585107968,0.517023938607745,0.641562226515695
"107",3849.26045694997,0.642124444974203,0.809093057301887,0.893546124780443,1.24274549716078,1.60262009487467,1.67754745954817,1.61707352625286,1.17009338309627,0.766570134527354,0.590457757227969,0.474245585107968,0.517023938607745
"108",4301.52324749133,0.517295780658998,0.642124444974203,0.809093057301887,0.893546124780443,1.24274549716078,1.60262009487467,1.67754745954817,1.61707352625286,1.17009338309627,0.766570134527354,0.590457757227969,0.474245585107968
"109",5669.54489953296,0.474920527055669,0.517295780658998,0.642124444974203,0.809093057301887,0.893546124780443,1.24274549716078,1.60262009487467,1.67754745954817,1.61707352625286,1.17009338309627,0.766570134527354,0.590457757227969
"110",5916.73075892848,0.590572958343191,0.474920527055669,0.517295780658998,0.642124444974203,0.809093057301887,0.893546124780443,1.24274549716078,1.60262009487467,1.67754745954817,1.61707352625286,1.17009338309627,0.766570134527354
"111",5206.0450177952,0.766158093826541,0.590572958343191,0.474920527055669,0.517295780658998,0.642124444974203,0.809093057301887,0.893546124780443,1.24274549716078,1.60262009487467,1.67754745954817,1.61707352625286,1.17009338309627
"112",5191.76024890941,1.17007901569407,0.766158093826541,0.590572958343191,0.474920527055669,0.517295780658998,0.642124444974203,0.809093057301887,0.893546124780443,1.24274549716078,1.60262009487467,1.67754745954817,1.61707352625286
"113",4648.89149390924,1.61631686340309,1.17007901569407,0.766158093826541,0.590572958343191,0.474920527055669,0.517295780658998,0.642124444974203,0.809093057301887,0.893546124780443,1.24274549716078,1.60262009487467,1.67754745954817
"114",3935.42660192025,1.67639535884882,1.61631686340309,1.17007901569407,0.766158093826541,0.590572958343191,0.474920527055669,0.517295780658998,0.642124444974203,0.809093057301887,0.893546124780443,1.24274549716078,1.60262009487467
"115",3540.07129503968,1.60189962012166,1.67639535884882,1.61631686340309,1.17007901569407,0.766158093826541,0.590572958343191,0.474920527055669,0.517295780658998,0.642124444974203,0.809093057301887,0.893546124780443,1.24274549716078
"116",3570.63182063295,1.24279350624656,1.60189962012166,1.67639535884882,1.61631686340309,1.17007901569407,0.766158093826541,0.590572958343191,0.474920527055669,0.517295780658998,0.642124444974203,0.809093057301887,0.893546124780443
"117",3349.21505031639,0.893298168653892,1.24279350624656,1.60189962012166,1.67639535884882,1.61631686340309,1.17007901569407,0.766158093826541,0.590572958343191,0.474920527055669,0.517295780658998,0.642124444974203,0.809093057301887
"118",3031.25675980888,0.808749326840616,0.893298168653892,1.24279350624656,1.60189962012166,1.67639535884882,1.61631686340309,1.17007901569407,0.766158093826541,0.590572958343191,0.474920527055669,0.517295780658998,0.642124444974203
"119",3092.07437593979,0.642182097494726,0.808749326840616,0.893298168653892,1.24279350624656,1.60189962012166,1.67639535884882,1.61631686340309,1.17007901569407,0.766158093826541,0.590572958343191,0.474920527055669,0.517295780658998
"120",3055.22302945827,0.517268191733132,0.642182097494726,0.808749326840616,0.893298168653892,1.24279350624656,1.60189962012166,1.67639535884882,1.61631686340309,1.17007901569407,0.766158093826541,0.590572958343191,0.474920527055669
"121",2946.54897321891,0.474844931489064,0.517268191733132,0.642182097494726,0.808749326840616,0.893298168653892,1.24279350624656,1.60189962012166,1.67639535884882,1.61631686340309,1.17007901569407,0.766158093826541,0.590572958343191
"122",3384.8579139057,0.590966085142159,0.474844931489064,0.517268191733132,0.642182097494726,0.808749326840616,0.893298168653892,1.24279350624656,1.60189962012166,1.67639535884882,1.61631686340309,1.17007901569407,0.766158093826541
"123",3604.82585955251,0.766380901311691,0.590966085142159,0.474844931489064,0.517268191733132,0.642182097494726,0.808749326840616,0.893298168653892,1.24279350624656,1.60189962012166,1.67639535884882,1.61631686340309,1.17007901569407
"124",3696.37041049719,1.17021198635476,0.766380901311691,0.590966085142159,0.474844931489064,0.517268191733132,0.642182097494726,0.808749326840616,0.893298168653892,1.24279350624656,1.60189962012166,1.67639535884882,1.61631686340309
"125",4298.14419294989,1.61749440622365,1.17021198635476,0.766380901311691,0.590966085142159,0.474844931489064,0.517268191733132,0.642182097494726,0.808749326840616,0.893298168653892,1.24279350624656,1.60189962012166,1.67639535884882
"126",3480.06683808412,1.67496750989708,1.61749440622365,1.17021198635476,0.766380901311691,0.590966085142159,0.474844931489064,0.517268191733132,0.642182097494726,0.808749326840616,0.893298168653892,1.24279350624656,1.60189962012166
"127",4615.6714222931,1.60423881970218,1.67496750989708,1.61749440622365,1.17021198635476,0.766380901311691,0.590966085142159,0.474844931489064,0.517268191733132,0.642182097494726,0.808749326840616,0.893298168653892,1.24279350624656
"128",4481.7489878366,1.24263214105687,1.60423881970218,1.67496750989708,1.61749440622365,1.17021198635476,0.766380901311691,0.590966085142159,0.474844931489064,0.517268191733132,0.642182097494726,0.808749326840616,0.893298168653892
"129",4028.57822948312,0.892893962221805,1.24263214105687,1.60423881970218,1.67496750989708,1.61749440622365,1.17021198635476,0.766380901311691,0.590966085142159,0.474844931489064,0.517268191733132,0.642182097494726,0.808749326840616
"130",3669.6280389079,0.808426857265015,0.892893962221805,1.24263214105687,1.60423881970218,1.67496750989708,1.61749440622365,1.17021198635476,0.766380901311691,0.590966085142159,0.474844931489064,0.517268191733132,0.642182097494726
"131",3720.74777013774,0.642222130402648,0.808426857265015,0.892893962221805,1.24263214105687,1.60423881970218,1.67496750989708,1.61749440622365,1.17021198635476,0.766380901311691,0.590966085142159,0.474844931489064,0.517268191733132
"132",4265.92202863009,0.517607358515797,0.642222130402648,0.808426857265015,0.892893962221805,1.24263214105687,1.60423881970218,1.67496750989708,1.61749440622365,1.17021198635476,0.766380901311691,0.590966085142159,0.474844931489064
"133",3780.52224813892,0.47460314563073,0.517607358515797,0.642222130402648,0.808426857265015,0.892893962221805,1.24263214105687,1.60423881970218,1.67496750989708,1.61749440622365,1.17021198635476,0.766380901311691,0.590966085142159
"134",4033.33197107055,0.591142931841867,0.47460314563073,0.517607358515797,0.642222130402648,0.808426857265015,0.892893962221805,1.24263214105687,1.60423881970218,1.67496750989708,1.61749440622365,1.17021198635476,0.766380901311691
"135",3714.53773176668,0.766109829975564,0.591142931841867,0.47460314563073,0.517607358515797,0.642222130402648,0.808426857265015,0.892893962221805,1.24263214105687,1.60423881970218,1.67496750989708,1.61749440622365,1.17021198635476
"136",3741.38040214622,1.17024982868867,0.766109829975564,0.591142931841867,0.47460314563073,0.517607358515797,0.642222130402648,0.808426857265015,0.892893962221805,1.24263214105687,1.60423881970218,1.67496750989708,1.61749440622365
"137",4203.22706108158,1.61838791979584,1.17024982868867,0.766109829975564,0.591142931841867,0.47460314563073,0.517607358515797,0.642222130402648,0.808426857265015,0.892893962221805,1.24263214105687,1.60423881970218,1.67496750989708
"138",3423.018225685,1.67357619054153,1.61838791979584,1.17024982868867,0.766109829975564,0.591142931841867,0.47460314563073,0.517607358515797,0.642222130402648,0.808426857265015,0.892893962221805,1.24263214105687,1.60423881970218
"139",2729.27398755394,1.60278385778537,1.67357619054153,1.61838791979584,1.17024982868867,0.766109829975564,0.591142931841867,0.47460314563073,0.517607358515797,0.642222130402648,0.808426857265015,0.892893962221805,1.24263214105687
"140",2626.41209644471,1.24242256465582,1.60278385778537,1.67357619054153,1.61838791979584,1.17024982868867,0.766109829975564,0.591142931841867,0.47460314563073,0.517607358515797,0.642222130402648,0.808426857265015,0.892893962221805
"141",3042.94349528932,0.893527652709804,1.24242256465582,1.60278385778537,1.67357619054153,1.61838791979584,1.17024982868867,0.766109829975564,0.591142931841867,0.47460314563073,0.517607358515797,0.642222130402648,0.808426857265015
"142",4054.69585997429,0.809629712881122,0.893527652709804,1.24242256465582,1.60278385778537,1.67357619054153,1.61838791979584,1.17024982868867,0.766109829975564,0.591142931841867,0.47460314563073,0.517607358515797,0.642222130402648
"143",4067.95074979728,0.642231525375564,0.809629712881122,0.893527652709804,1.24242256465582,1.60278385778537,1.67357619054153,1.61838791979584,1.17024982868867,0.766109829975564,0.591142931841867,0.47460314563073,0.517607358515797
"144",3599.89698824766,0.51734084887596,0.642231525375564,0.809629712881122,0.893527652709804,1.24242256465582,1.60278385778537,1.67357619054153,1.61838791979584,1.17024982868867,0.766109829975564,0.591142931841867,0.47460314563073
"145",3275.89098426496,0.474411990471568,0.51734084887596,0.642231525375564,0.809629712881122,0.893527652709804,1.24242256465582,1.60278385778537,1.67357619054153,1.61838791979584,1.17024982868867,0.766109829975564,0.591142931841867
"146",2822.48476942767,0.590776795400471,0.474411990471568,0.51734084887596,0.642231525375564,0.809629712881122,0.893527652709804,1.24242256465582,1.60278385778537,1.67357619054153,1.61838791979584,1.17024982868867,0.766109829975564
"147",2925.03457354563,0.766234392295991,0.590776795400471,0.474411990471568,0.51734084887596,0.642231525375564,0.809629712881122,0.893527652709804,1.24242256465582,1.60278385778537,1.67357619054153,1.61838791979584,1.17024982868867
"148",2573.03433687164,1.1696196220627,0.766234392295991,0.590776795400471,0.474411990471568,0.51734084887596,0.642231525375564,0.809629712881122,0.893527652709804,1.24242256465582,1.60278385778537,1.67357619054153,1.61838791979584
"149",2857.13169138409,1.61918756375892,1.1696196220627,0.766234392295991,0.590776795400471,0.474411990471568,0.51734084887596,0.642231525375564,0.809629712881122,0.893527652709804,1.24242256465582,1.60278385778537,1.67357619054153
"150",3294.53041141215,1.67472271986092,1.61918756375892,1.1696196220627,0.766234392295991,0.590776795400471,0.474411990471568,0.51734084887596,0.642231525375564,0.809629712881122,0.893527652709804,1.24242256465582,1.60278385778537
"151",3260.64601111673,1.60271008882384,1.67472271986092,1.61918756375892,1.1696196220627,0.766234392295991,0.590776795400471,0.474411990471568,0.51734084887596,0.642231525375564,0.809629712881122,0.893527652709804,1.24242256465582
"152",3935.48854243495,1.24357326051589,1.60271008882384,1.67472271986092,1.61918756375892,1.1696196220627,0.766234392295991,0.590776795400471,0.474411990471568,0.51734084887596,0.642231525375564,0.809629712881122,0.893527652709804
"153",3638.75983656331,0.893226170746574,1.24357326051589,1.60271008882384,1.67472271986092,1.61918756375892,1.1696196220627,0.766234392295991,0.590776795400471,0.474411990471568,0.51734084887596,0.642231525375564,0.809629712881122
"154",4444.54559161228,0.81043202815162,0.893226170746574,1.24357326051589,1.60271008882384,1.67472271986092,1.61918756375892,1.1696196220627,0.766234392295991,0.590776795400471,0.474411990471568,0.51734084887596,0.642231525375564
"155",4781.93918593808,0.642449694613455,0.81043202815162,0.893226170746574,1.24357326051589,1.60271008882384,1.67472271986092,1.61918756375892,1.1696196220627,0.766234392295991,0.590776795400471,0.474411990471568,0.51734084887596
"156",4246.94045453839,0.517081838058871,0.642449694613455,0.81043202815162,0.893226170746574,1.24357326051589,1.60271008882384,1.67472271986092,1.61918756375892,1.1696196220627,0.766234392295991,0.590776795400471,0.474411990471568
"157",3965.68846345389,0.474271396234998,0.517081838058871,0.642449694613455,0.81043202815162,0.893226170746574,1.24357326051589,1.60271008882384,1.67472271986092,1.61918756375892,1.1696196220627,0.766234392295991,0.590776795400471
"158",4142.46013189555,0.590894640064572,0.474271396234998,0.517081838058871,0.642449694613455,0.81043202815162,0.893226170746574,1.24357326051589,1.60271008882384,1.67472271986092,1.61918756375892,1.1696196220627,0.766234392295991
"159",3527.02667491642,0.765724971308639,0.590894640064572,0.474271396234998,0.517081838058871,0.642449694613455,0.81043202815162,0.893226170746574,1.24357326051589,1.60271008882384,1.67472271986092,1.61918756375892,1.1696196220627
"160",3569.66097504779,1.16968289055228,0.765724971308639,0.590894640064572,0.474271396234998,0.517081838058871,0.642449694613455,0.81043202815162,0.893226170746574,1.24357326051589,1.60271008882384,1.67472271986092,1.61918756375892
"161",2525.21490432972,1.61706750139863,1.16968289055228,0.765724971308639,0.590894640064572,0.474271396234998,0.517081838058871,0.642449694613455,0.81043202815162,0.893226170746574,1.24357326051589,1.60271008882384,1.67472271986092
"162",1821.63294743055,1.67263461795943,1.61706750139863,1.16968289055228,0.765724971308639,0.590894640064572,0.474271396234998,0.517081838058871,0.642449694613455,0.81043202815162,0.893226170746574,1.24357326051589,1.60271008882384
"163",2027.58055066756,1.60352094395122,1.67263461795943,1.61706750139863,1.16968289055228,0.765724971308639,0.590894640064572,0.474271396234998,0.517081838058871,0.642449694613455,0.81043202815162,0.893226170746574,1.24357326051589
"164",2429.72033909609,1.24467699022018,1.60352094395122,1.67263461795943,1.61706750139863,1.16968289055228,0.765724971308639,0.590894640064572,0.474271396234998,0.517081838058871,0.642449694613455,0.81043202815162,0.893226170746574
"165",2483.35942417547,0.893314413477152,1.24467699022018,1.60352094395122,1.67263461795943,1.61706750139863,1.16968289055228,0.765724971308639,0.590894640064572,0.474271396234998,0.517081838058871,0.642449694613455,0.81043202815162
"166",2897.29264795131,0.811036532915858,0.893314413477152,1.24467699022018,1.60352094395122,1.67263461795943,1.61706750139863,1.16968289055228,0.765724971308639,0.590894640064572,0.474271396234998,0.517081838058871,0.642449694613455
"167",2823.04314879031,0.642376017480382,0.811036532915858,0.893314413477152,1.24467699022018,1.60352094395122,1.67263461795943,1.61706750139863,1.16968289055228,0.765724971308639,0.590894640064572,0.474271396234998,0.517081838058871
"168",2871.72727989263,0.517121742535402,0.642376017480382,0.811036532915858,0.893314413477152,1.24467699022018,1.60352094395122,1.67263461795943,1.61706750139863,1.16968289055228,0.765724971308639,0.590894640064572,0.474271396234998
"169",2975.07450008099,0.474347775410436,0.517121742535402,0.642376017480382,0.811036532915858,0.893314413477152,1.24467699022018,1.60352094395122,1.67263461795943,1.61706750139863,1.16968289055228,0.765724971308639,0.590894640064572
"170",2577.17218552046,0.590540984010081,0.474347775410436,0.517121742535402,0.642376017480382,0.811036532915858,0.893314413477152,1.24467699022018,1.60352094395122,1.67263461795943,1.61706750139863,1.16968289055228,0.765724971308639
"171",2459.67475833591,0.765568746443351,0.590540984010081,0.474347775410436,0.517121742535402,0.642376017480382,0.811036532915858,0.893314413477152,1.24467699022018,1.60352094395122,1.67263461795943,1.61706750139863,1.16968289055228
"172",2767.21509403748,1.1703373533494,0.765568746443351,0.590540984010081,0.474347775410436,0.517121742535402,0.642376017480382,0.811036532915858,0.893314413477152,1.24467699022018,1.60352094395122,1.67263461795943,1.61706750139863
"173",1916.04273692418,1.61484165511304,1.1703373533494,0.765568746443351,0.590540984010081,0.474347775410436,0.517121742535402,0.642376017480382,0.811036532915858,0.893314413477152,1.24467699022018,1.60352094395122,1.67263461795943
"174",2004.71666808042,1.67298102306051,1.61484165511304,1.1703373533494,0.765568746443351,0.590540984010081,0.474347775410436,0.517121742535402,0.642376017480382,0.811036532915858,0.893314413477152,1.24467699022018,1.60352094395122
"175",2406.30363943517,1.60495839702896,1.67298102306051,1.61484165511304,1.1703373533494,0.765568746443351,0.590540984010081,0.474347775410436,0.517121742535402,0.642376017480382,0.811036532915858,0.893314413477152,1.24467699022018
"176",2739.06895571322,1.24544724910079,1.60495839702896,1.67298102306051,1.61484165511304,1.1703373533494,0.765568746443351,0.590540984010081,0.474347775410436,0.517121742535402,0.642376017480382,0.811036532915858,0.893314413477152
"177",3109.24416070573,0.893854671379762,1.24544724910079,1.60495839702896,1.67298102306051,1.61484165511304,1.1703373533494,0.765568746443351,0.590540984010081,0.474347775410436,0.517121742535402,0.642376017480382,0.811036532915858
"178",2931.65946267435,0.810829240430716,0.893854671379762,1.24544724910079,1.60495839702896,1.67298102306051,1.61484165511304,1.1703373533494,0.765568746443351,0.590540984010081,0.474347775410436,0.517121742535402,0.642376017480382
"179",3819.43427685817,0.643246522027216,0.810829240430716,0.893854671379762,1.24544724910079,1.60495839702896,1.67298102306051,1.61484165511304,1.1703373533494,0.765568746443351,0.590540984010081,0.474347775410436,0.517121742535402
"180",3375.17628823633,0.516852575773475,0.643246522027216,0.810829240430716,0.893854671379762,1.24544724910079,1.60495839702896,1.67298102306051,1.61484165511304,1.1703373533494,0.765568746443351,0.590540984010081,0.474347775410436
"181",4000.37143960496,0.474740970816579,0.516852575773475,0.643246522027216,0.810829240430716,0.893854671379762,1.24544724910079,1.60495839702896,1.67298102306051,1.61484165511304,1.1703373533494,0.765568746443351,0.590540984010081
"182",3604.36688770789,0.590279381244791,0.474740970816579,0.516852575773475,0.643246522027216,0.810829240430716,0.893854671379762,1.24544724910079,1.60495839702896,1.67298102306051,1.61484165511304,1.1703373533494,0.765568746443351
"183",3945.79483368078,0.765893270350907,0.590279381244791,0.474740970816579,0.516852575773475,0.643246522027216,0.810829240430716,0.893854671379762,1.24544724910079,1.60495839702896,1.67298102306051,1.61484165511304,1.1703373533494
"184",3771.55001943602,1.17010607826106,0.765893270350907,0.590279381244791,0.474740970816579,0.516852575773475,0.643246522027216,0.810829240430716,0.893854671379762,1.24544724910079,1.60495839702896,1.67298102306051,1.61484165511304
"185",4482.83035911757,1.61620449019138,1.17010607826106,0.765893270350907,0.590279381244791,0.474740970816579,0.516852575773475,0.643246522027216,0.810829240430716,0.893854671379762,1.24544724910079,1.60495839702896,1.67298102306051
"186",3880.15508944071,1.67197452137105,1.61620449019138,1.17010607826106,0.765893270350907,0.590279381244791,0.474740970816579,0.516852575773475,0.643246522027216,0.810829240430716,0.893854671379762,1.24544724910079,1.60495839702896
"187",3958.78241055863,1.60510393643592,1.67197452137105,1.61620449019138,1.17010607826106,0.765893270350907,0.590279381244791,0.474740970816579,0.516852575773475,0.643246522027216,0.810829240430716,0.893854671379762,1.24544724910079
"188",3372.0117973058,1.24462116457292,1.60510393643592,1.67197452137105,1.61620449019138,1.17010607826106,0.765893270350907,0.590279381244791,0.474740970816579,0.516852575773475,0.643246522027216,0.810829240430716,0.893854671379762
"189",3621.46862586969,0.894150585475131,1.24462116457292,1.60510393643592,1.67197452137105,1.61620449019138,1.17010607826106,0.765893270350907,0.590279381244791,0.474740970816579,0.516852575773475,0.643246522027216,0.810829240430716
"190",4237.52116502563,0.811446481555343,0.894150585475131,1.24462116457292,1.60510393643592,1.67197452137105,1.61620449019138,1.17010607826106,0.765893270350907,0.590279381244791,0.474740970816579,0.516852575773475,0.643246522027216
"191",3793.44466251661,0.642944863374341,0.811446481555343,0.894150585475131,1.24462116457292,1.60510393643592,1.67197452137105,1.61620449019138,1.17010607826106,0.765893270350907,0.590279381244791,0.474740970816579,0.516852575773475
"192",3966.74542796101,0.516958239479714,0.642944863374341,0.811446481555343,0.894150585475131,1.24462116457292,1.60510393643592,1.67197452137105,1.61620449019138,1.17010607826106,0.765893270350907,0.590279381244791,0.474740970816579
"193",3927.9248683468,0.474720179757982,0.516958239479714,0.642944863374341,0.811446481555343,0.894150585475131,1.24462116457292,1.60510393643592,1.67197452137105,1.61620449019138,1.17010607826106,0.765893270350907,0.590279381244791
"194",3581.97609743676,0.590046733600057,0.474720179757982,0.516958239479714,0.642944863374341,0.811446481555343,0.894150585475131,1.24462116457292,1.60510393643592,1.67197452137105,1.61620449019138,1.17010607826106,0.765893270350907
"195",3561.54136217182,0.765873717638482,0.590046733600057,0.474720179757982,0.516958239479714,0.642944863374341,0.811446481555343,0.894150585475131,1.24462116457292,1.60510393643592,1.67197452137105,1.61620449019138,1.17010607826106
"196",3307.00780673233,1.16973186022607,0.765873717638482,0.590046733600057,0.474720179757982,0.516958239479714,0.642944863374341,0.811446481555343,0.894150585475131,1.24462116457292,1.60510393643592,1.67197452137105,1.61620449019138
"197",2950.82805078095,1.615425516576,1.16973186022607,0.765873717638482,0.590046733600057,0.474720179757982,0.516958239479714,0.642944863374341,0.811446481555343,0.894150585475131,1.24462116457292,1.60510393643592,1.67197452137105
"198",2953.5915726465,1.67198152851572,1.615425516576,1.16973186022607,0.765873717638482,0.590046733600057,0.474720179757982,0.516958239479714,0.642944863374341,0.811446481555343,0.894150585475131,1.24462116457292,1.60510393643592
"199",2886.0037289422,1.60493956977304,1.67198152851572,1.615425516576,1.16973186022607,0.765873717638482,0.590046733600057,0.474720179757982,0.516958239479714,0.642944863374341,0.811446481555343,0.894150585475131,1.24462116457292
"200",3038.89739506611,1.24491623264248,1.60493956977304,1.67198152851572,1.615425516576,1.16973186022607,0.765873717638482,0.590046733600057,0.474720179757982,0.516958239479714,0.642944863374341,0.811446481555343,0.894150585475131
"201",3839.32630752898,0.895204510757781,1.24491623264248,1.60493956977304,1.67198152851572,1.615425516576,1.16973186022607,0.765873717638482,0.590046733600057,0.474720179757982,0.516958239479714,0.642944863374341,0.811446481555343
"202",4049.36425648849,0.811645134520805,0.895204510757781,1.24491623264248,1.60493956977304,1.67198152851572,1.615425516576,1.16973186022607,0.765873717638482,0.590046733600057,0.474720179757982,0.516958239479714,0.642944863374341
"203",3484.89139217952,0.642543791338863,0.811645134520805,0.895204510757781,1.24491623264248,1.60493956977304,1.67198152851572,1.615425516576,1.16973186022607,0.765873717638482,0.590046733600057,0.474720179757982,0.516958239479714
"204",3397.3530661073,0.516900128676453,0.642543791338863,0.811645134520805,0.895204510757781,1.24491623264248,1.60493956977304,1.67198152851572,1.615425516576,1.16973186022607,0.765873717638482,0.590046733600057,0.474720179757982
"205",2971.1420216485,0.474453669372683,0.516900128676453,0.642543791338863,0.811645134520805,0.895204510757781,1.24491623264248,1.60493956977304,1.67198152851572,1.615425516576,1.16973186022607,0.765873717638482,0.590046733600057
"206",2802.14744553749,0.589896548035305,0.474453669372683,0.516900128676453,0.642543791338863,0.811645134520805,0.895204510757781,1.24491623264248,1.60493956977304,1.67198152851572,1.615425516576,1.16973186022607,0.765873717638482
"207",3606.40659742147,0.766857399404541,0.589896548035305,0.474453669372683,0.516900128676453,0.642543791338863,0.811645134520805,0.895204510757781,1.24491623264248,1.60493956977304,1.67198152851572,1.615425516576,1.16973186022607
"208",3732.63725787114,1.16991507855245,0.766857399404541,0.589896548035305,0.474453669372683,0.516900128676453,0.642543791338863,0.811645134520805,0.895204510757781,1.24491623264248,1.60493956977304,1.67198152851572,1.615425516576
"209",3813.23831464664,1.61558161708344,1.16991507855245,0.766857399404541,0.589896548035305,0.474453669372683,0.516900128676453,0.642543791338863,0.811645134520805,0.895204510757781,1.24491623264248,1.60493956977304,1.67198152851572
"210",3583.12520995023,1.67153001442711,1.61558161708344,1.16991507855245,0.766857399404541,0.589896548035305,0.474453669372683,0.516900128676453,0.642543791338863,0.811645134520805,0.895204510757781,1.24491623264248,1.60493956977304
"211",3661.82477957468,1.60509731690959,1.67153001442711,1.61558161708344,1.16991507855245,0.766857399404541,0.589896548035305,0.474453669372683,0.516900128676453,0.642543791338863,0.811645134520805,0.895204510757781,1.24491623264248
"212",3807.40465916598,1.24513771358015,1.60509731690959,1.67153001442711,1.61558161708344,1.16991507855245,0.766857399404541,0.589896548035305,0.474453669372683,0.516900128676453,0.642543791338863,0.811645134520805,0.895204510757781
"213",3588.51848624972,0.894974205432652,1.24513771358015,1.60509731690959,1.67153001442711,1.61558161708344,1.16991507855245,0.766857399404541,0.589896548035305,0.474453669372683,0.516900128676453,0.642543791338863,0.811645134520805
"214",3248.47810110345,0.811300963794592,0.894974205432652,1.24513771358015,1.60509731690959,1.67153001442711,1.61558161708344,1.16991507855245,0.766857399404541,0.589896548035305,0.474453669372683,0.516900128676453,0.642543791338863
"215",2950.16858165096,0.642279743676091,0.811300963794592,0.894974205432652,1.24513771358015,1.60509731690959,1.67153001442711,1.61558161708344,1.16991507855245,0.766857399404541,0.589896548035305,0.474453669372683,0.516900128676453
"216",3139.4797801445,0.517048561018032,0.642279743676091,0.811300963794592,0.894974205432652,1.24513771358015,1.60509731690959,1.67153001442711,1.61558161708344,1.16991507855245,0.766857399404541,0.589896548035305,0.474453669372683
"217",3299.1617056979,0.474561659563236,0.517048561018032,0.642279743676091,0.811300963794592,0.894974205432652,1.24513771358015,1.60509731690959,1.67153001442711,1.61558161708344,1.16991507855245,0.766857399404541,0.589896548035305
"218",3919.67777159054,0.590393046270978,0.474561659563236,0.517048561018032,0.642279743676091,0.811300963794592,0.894974205432652,1.24513771358015,1.60509731690959,1.67153001442711,1.61558161708344,1.16991507855245,0.766857399404541
"219",4726.91952459922,0.767564140410429,0.590393046270978,0.474561659563236,0.517048561018032,0.642279743676091,0.811300963794592,0.894974205432652,1.24513771358015,1.60509731690959,1.67153001442711,1.61558161708344,1.16991507855245
"220",4213.33004907703,1.16934624569763,0.767564140410429,0.590393046270978,0.474561659563236,0.517048561018032,0.642279743676091,0.811300963794592,0.894974205432652,1.24513771358015,1.60509731690959,1.67153001442711,1.61558161708344
"221",3221.52503271846,1.61387976367102,1.16934624569763,0.767564140410429,0.590393046270978,0.474561659563236,0.517048561018032,0.642279743676091,0.811300963794592,0.894974205432652,1.24513771358015,1.60509731690959,1.67153001442711
"222",2935.05917417665,1.67086486692346,1.61387976367102,1.16934624569763,0.767564140410429,0.590393046270978,0.474561659563236,0.517048561018032,0.642279743676091,0.811300963794592,0.894974205432652,1.24513771358015,1.60509731690959
"223",3653.13793206493,1.60685462947322,1.67086486692346,1.61387976367102,1.16934624569763,0.767564140410429,0.590393046270978,0.474561659563236,0.517048561018032,0.642279743676091,0.811300963794592,0.894974205432652,1.24513771358015
"224",3989.62426085054,1.24565094255648,1.60685462947322,1.67086486692346,1.61387976367102,1.16934624569763,0.767564140410429,0.590393046270978,0.474561659563236,0.517048561018032,0.642279743676091,0.811300963794592,0.894974205432652
"225",4170.11665519141,0.895155393609688,1.24565094255648,1.60685462947322,1.67086486692346,1.61387976367102,1.16934624569763,0.767564140410429,0.590393046270978,0.474561659563236,0.517048561018032,0.642279743676091,0.811300963794592
"226",3963.6322125723,0.811121195312855,0.895155393609688,1.24565094255648,1.60685462947322,1.67086486692346,1.61387976367102,1.16934624569763,0.767564140410429,0.590393046270978,0.474561659563236,0.517048561018032,0.642279743676091
"227",3630.67713380672,0.642038303829214,0.811121195312855,0.895155393609688,1.24565094255648,1.60685462947322,1.67086486692346,1.61387976367102,1.16934624569763,0.767564140410429,0.590393046270978,0.474561659563236,0.517048561018032
"228",3351.67714927161,0.516870757516233,0.642038303829214,0.811121195312855,0.895155393609688,1.24565094255648,1.60685462947322,1.67086486692346,1.61387976367102,1.16934624569763,0.767564140410429,0.590393046270978,0.474561659563236
"229",3075.68984976536,0.474386790898586,0.516870757516233,0.642038303829214,0.811121195312855,0.895155393609688,1.24565094255648,1.60685462947322,1.67086486692346,1.61387976367102,1.16934624569763,0.767564140410429,0.590393046270978
"230",2632.89680915045,0.590012688837939,0.474386790898586,0.516870757516233,0.642038303829214,0.811121195312855,0.895155393609688,1.24565094255648,1.60685462947322,1.67086486692346,1.61387976367102,1.16934624569763,0.767564140410429
"231",2600.86978245003,0.767522358346657,0.590012688837939,0.474386790898586,0.516870757516233,0.642038303829214,0.811121195312855,0.895155393609688,1.24565094255648,1.60685462947322,1.67086486692346,1.61387976367102,1.16934624569763
"232",3072.55125364459,1.17029524470941,0.767522358346657,0.590012688837939,0.474386790898586,0.516870757516233,0.642038303829214,0.811121195312855,0.895155393609688,1.24565094255648,1.60685462947322,1.67086486692346,1.61387976367102
"233",3055.06981250557,1.61383867314516,1.17029524470941,0.767522358346657,0.590012688837939,0.474386790898586,0.516870757516233,0.642038303829214,0.811121195312855,0.895155393609688,1.24565094255648,1.60685462947322,1.67086486692346
"234",3896.00976977268,1.67292301967446,1.61383867314516,1.17029524470941,0.767522358346657,0.590012688837939,0.474386790898586,0.516870757516233,0.642038303829214,0.811121195312855,0.895155393609688,1.24565094255648,1.60685462947322
"235",4210.57545694648,1.60743520714063,1.67292301967446,1.61383867314516,1.17029524470941,0.767522358346657,0.590012688837939,0.474386790898586,0.516870757516233,0.642038303829214,0.811121195312855,0.895155393609688,1.24565094255648
"236",3970.3109581317,1.24533286213507,1.60743520714063,1.67292301967446,1.61383867314516,1.17029524470941,0.767522358346657,0.590012688837939,0.474386790898586,0.516870757516233,0.642038303829214,0.811121195312855,0.895155393609688
"237",3717.90238675169,0.894900727920929,1.24533286213507,1.60743520714063,1.67292301967446,1.61383867314516,1.17029524470941,0.767522358346657,0.590012688837939,0.474386790898586,0.516870757516233,0.642038303829214,0.811121195312855
"238",3343.64030602855,0.810755805847754,0.894900727920929,1.24533286213507,1.60743520714063,1.67292301967446,1.61383867314516,1.17029524470941,0.767522358346657,0.590012688837939,0.474386790898586,0.516870757516233,0.642038303829214
"239",3243.39724503451,0.641952167148202,0.810755805847754,0.894900727920929,1.24533286213507,1.60743520714063,1.67292301967446,1.61383867314516,1.17029524470941,0.767522358346657,0.590012688837939,0.474386790898586,0.516870757516233
"240",3332.84646052354,0.51693454724885,0.641952167148202,0.810755805847754,0.894900727920929,1.24533286213507,1.60743520714063,1.67292301967446,1.61383867314516,1.17029524470941,0.767522358346657,0.590012688837939,0.474386790898586
"241",2975.67479396058,0.474159288118425,0.51693454724885,0.641952167148202,0.810755805847754,0.894900727920929,1.24533286213507,1.60743520714063,1.67292301967446,1.61383867314516,1.17029524470941,0.767522358346657,0.590012688837939
"242",2453.95222760168,0.589549766716766,0.474159288118425,0.51693454724885,0.641952167148202,0.810755805847754,0.894900727920929,1.24533286213507,1.60743520714063,1.67292301967446,1.61383867314516,1.17029524470941,0.767522358346657
"243",2454.24226360699,0.767522764293599,0.589549766716766,0.474159288118425,0.51693454724885,0.641952167148202,0.810755805847754,0.894900727920929,1.24533286213507,1.60743520714063,1.67292301967446,1.61383867314516,1.17029524470941
"244",2547.70134759308,1.17049467538333,0.767522764293599,0.589549766716766,0.474159288118425,0.51693454724885,0.641952167148202,0.810755805847754,0.894900727920929,1.24533286213507,1.60743520714063,1.67292301967446,1.61383867314516
"245",2731.6563685072,1.61436012675081,1.17049467538333,0.767522764293599,0.589549766716766,0.474159288118425,0.51693454724885,0.641952167148202,0.810755805847754,0.894900727920929,1.24533286213507,1.60743520714063,1.67292301967446
"246",2938.9617482066,1.67349115643513,1.61436012675081,1.17049467538333,0.767522764293599,0.589549766716766,0.474159288118425,0.51693454724885,0.641952167148202,0.810755805847754,0.894900727920929,1.24533286213507,1.60743520714063
"247",3109.92775453953,1.60785365537213,1.67349115643513,1.61436012675081,1.17049467538333,0.767522764293599,0.589549766716766,0.474159288118425,0.51693454724885,0.641952167148202,0.810755805847754,0.894900727920929,1.24533286213507
"248",2921.12633814196,1.24499453812214,1.60785365537213,1.67349115643513,1.61436012675081,1.17049467538333,0.767522764293599,0.589549766716766,0.474159288118425,0.51693454724885,0.641952167148202,0.810755805847754,0.894900727920929
"249",2870.30744887672,0.894831058513539,1.24499453812214,1.60785365537213,1.67349115643513,1.61436012675081,1.17049467538333,0.767522764293599,0.589549766716766,0.474159288118425,0.51693454724885,0.641952167148202,0.810755805847754
"250",2743.90935381836,0.81059603607955,0.894831058513539,1.24499453812214,1.60785365537213,1.67349115643513,1.61436012675081,1.17049467538333,0.767522764293599,0.589549766716766,0.474159288118425,0.51693454724885,0.641952167148202
"251",2567.28777591536,0.641767253444826,0.81059603607955,0.894831058513539,1.24499453812214,1.60785365537213,1.67349115643513,1.61436012675081,1.17049467538333,0.767522764293599,0.589549766716766,0.474159288118425,0.51693454724885
"252",2451.03992218207,0.516829801025115,0.641767253444826,0.81059603607955,0.894831058513539,1.24499453812214,1.60785365537213,1.67349115643513,1.61436012675081,1.17049467538333,0.767522764293599,0.589549766716766,0.474159288118425
"253",2387.17038823045,0.47410399640462,0.516829801025115,0.641767253444826,0.81059603607955,0.894831058513539,1.24499453812214,1.60785365537213,1.67349115643513,1.61436012675081,1.17049467538333,0.767522764293599,0.589549766716766
"254",3229.26938882564,0.59048043011121,0.47410399640462,0.516829801025115,0.641767253444826,0.81059603607955,0.894831058513539,1.24499453812214,1.60785365537213,1.67349115643513,1.61436012675081,1.17049467538333,0.767522764293599
"255",3589.24906819856,0.76790563963965,0.59048043011121,0.47410399640462,0.516829801025115,0.641767253444826,0.81059603607955,0.894831058513539,1.24499453812214,1.60785365537213,1.67349115643513,1.61436012675081,1.17049467538333
"256",3626.60261349618,1.17054918713039,0.76790563963965,0.59048043011121,0.47410399640462,0.516829801025115,0.641767253444826,0.81059603607955,0.894831058513539,1.24499453812214,1.60785365537213,1.67349115643513,1.61436012675081
"257",4111.01975258317,1.61532509356883,1.17054918713039,0.76790563963965,0.59048043011121,0.47410399640462,0.516829801025115,0.641767253444826,0.81059603607955,0.894831058513539,1.24499453812214,1.60785365537213,1.67349115643513
"258",4387.8464156275,1.67399543929008,1.61532509356883,1.17054918713039,0.76790563963965,0.59048043011121,0.47410399640462,0.516829801025115,0.641767253444826,0.81059603607955,0.894831058513539,1.24499453812214,1.60785365537213
"259",3706.45928366974,1.60673632538626,1.67399543929008,1.61532509356883,1.17054918713039,0.76790563963965,0.59048043011121,0.47410399640462,0.516829801025115,0.641767253444826,0.81059603607955,0.894831058513539,1.24499453812214
"260",3433.25735189701,1.24458387622852,1.60673632538626,1.67399543929008,1.61532509356883,1.17054918713039,0.76790563963965,0.59048043011121,0.47410399640462,0.516829801025115,0.641767253444826,0.81059603607955,0.894831058513539
"261",3177.37954181336,0.894532616650077,1.24458387622852,1.60673632538626,1.67399543929008,1.61532509356883,1.17054918713039,0.76790563963965,0.59048043011121,0.47410399640462,0.516829801025115,0.641767253444826,0.81059603607955
"262",3062.42873519002,0.81046480405438,0.894532616650077,1.24458387622852,1.60673632538626,1.67399543929008,1.61532509356883,1.17054918713039,0.76790563963965,0.59048043011121,0.47410399640462,0.516829801025115,0.641767253444826
"263",2792.74668340711,0.641514349250049,0.81046480405438,0.894532616650077,1.24458387622852,1.60673632538626,1.67399543929008,1.61532509356883,1.17054918713039,0.76790563963965,0.59048043011121,0.47410399640462,0.516829801025115
"264",2960.20227599261,0.516968479190119,0.641514349250049,0.81046480405438,0.894532616650077,1.24458387622852,1.60673632538626,1.67399543929008,1.61532509356883,1.17054918713039,0.76790563963965,0.59048043011121,0.47410399640462
