"","l","b","s1","s2","s3","s4","s5","s6","s7","s8","s9","s10","s11","s12"
"1",23.9704067238964,0.231221412236284,0.994467652844856,1.00028927889748,1.01359742345678,1.00165905074745,0.978387600889534,0.954897169530345,0.958306239108429,0.971191545518979,1.01136467214366,1.04898869015476,1.04669983461711,1.02015084209061
"2",22.9844107834354,0.226390940417463,1.02014269827706,0.994467652844856,1.00028927889748,1.01359742345678,1.00165905074745,0.978387600889534,0.954897169530345,0.958306239108429,0.971191545518979,1.01136467214366,1.04898869015476,1.04669983461711
"3",22.7026104653922,0.22177404150681,1.04669621582074,1.02014269827706,0.994467652844856,1.00028927889748,1.01359742345678,1.00165905074745,0.978387600889534,0.954897169530345,0.958306239108429,0.971191545518979,1.01136467214366,1.04898869015476
"4",23.5744438089015,0.217440472653952,1.04899346192486,1.04669621582074,1.02014269827706,0.994467652844856,1.00028927889748,1.01359742345678,1.00165905074745,0.978387600889534,0.954897169530345,0.958306239108429,0.971191545518979,1.01136467214366
"5",24.8551850796804,0.213261780702736,1.01137190319854,1.04899346192486,1.04669621582074,1.02014269827706,0.994467652844856,1.00028927889748,1.01359742345678,1.00165905074745,0.978387600889534,0.954897169530345,0.958306239108429,0.971191545518979
"6",25.3444708088109,0.209037015191147,0.971193275649122,1.01137190319854,1.04899346192486,1.04669621582074,1.02014269827706,0.994467652844856,1.00028927889748,1.01359742345678,1.00165905074745,0.978387600889534,0.954897169530345,0.958306239108429
"7",25.6431590826092,0.204866129610073,0.958306799787028,0.971193275649122,1.01137190319854,1.04899346192486,1.04669621582074,1.02014269827706,0.994467652844856,1.00028927889748,1.01359742345678,1.00165905074745,0.978387600889534,0.954897169530345
"8",25.5535128230886,0.2007154485077,0.954895460218897,0.958306799787028,0.971193275649122,1.01137190319854,1.04899346192486,1.04669621582074,1.02014269827706,0.994467652844856,1.00028927889748,1.01359742345678,1.00165905074745,0.978387600889534
"9",25.7220269041675,0.196691108420467,0.978387430317022,0.954895460218897,0.958306799787028,0.971193275649122,1.01137190319854,1.04899346192486,1.04669621582074,1.02014269827706,0.994467652844856,1.00028927889748,1.01359742345678,1.00165905074745
"10",25.2941807398586,0.192649730996267,1.00165522958937,0.978387430317022,0.954895460218897,0.958306799787028,0.971193275649122,1.01137190319854,1.04899346192486,1.04669621582074,1.02014269827706,0.994467652844856,1.00028927889748,1.01359742345678
"11",26.2883455624813,0.188924294251396,1.01360252644684,1.00165522958937,0.978387430317022,0.954895460218897,0.958306799787028,0.971193275649122,1.01137190319854,1.04899346192486,1.04669621582074,1.02014269827706,0.994467652844856,1.00028927889748
"12",26.4122746865768,0.185130650253028,1.00028891046288,1.01360252644684,1.00165522958937,0.978387430317022,0.954895460218897,0.958306799787028,0.971193275649122,1.01137190319854,1.04899346192486,1.04669621582074,1.02014269827706,0.994467652844856
"13",26.0806073026986,0.181338509862544,0.994464596390121,1.00028891046288,1.01360252644684,1.00165522958937,0.978387430317022,0.954895460218897,0.958306799787028,0.971193275649122,1.01137190319854,1.04899346192486,1.04669621582074,1.02014269827706
"14",25.5834280003784,0.177595649596507,1.02013852154401,0.994464596390121,1.00028891046288,1.01360252644684,1.00165522958937,0.978387430317022,0.954895460218897,0.958306799787028,0.971193275649122,1.01137190319854,1.04899346192486,1.04669621582074
"15",26.0867344120042,0.174093234725224,1.04669834728666,1.02013852154401,0.994464596390121,1.00028891046288,1.01360252644684,1.00165522958937,0.978387430317022,0.954895460218897,0.958306799787028,0.971193275649122,1.01137190319854,1.04899346192486
"16",25.5647427417388,0.170492555380263,1.04898905418859,1.04669834728666,1.02013852154401,0.994464596390121,1.00028891046288,1.01360252644684,1.00165522958937,0.978387430317022,0.954895460218897,0.958306799787028,0.971193275649122,1.01137190319854
"17",25.8633672603545,0.167099807957905,1.0113727268271,1.04898905418859,1.04669834728666,1.02013852154401,0.994464596390121,1.00028891046288,1.01360252644684,1.00165522958937,0.978387430317022,0.954895460218897,0.958306799787028,0.971193275649122
"18",26.0772891353928,0.163761595206902,0.971193573859789,1.0113727268271,1.04898905418859,1.04669834728666,1.02013852154401,0.994464596390121,1.00028891046288,1.01360252644684,1.00165522958937,0.978387430317022,0.954895460218897,0.958306799787028
"19",26.3575134135158,0.160501702279375,0.958307496473478,0.971193573859789,1.0113727268271,1.04898905418859,1.04669834728666,1.02013852154401,0.994464596390121,1.00028891046288,1.01360252644684,1.00165522958937,0.978387430317022,0.954895460218897
"20",26.5081591842511,0.157286266225003,0.954895422116559,0.958307496473478,0.971193573859789,1.0113727268271,1.04898905418859,1.04669834728666,1.02013852154401,0.994464596390121,1.00028891046288,1.01360252644684,1.00165522958937,0.978387430317022
"21",26.262766088934,0.154070476010508,0.978385094847584,0.954895422116559,0.958307496473478,0.971193573859789,1.0113727268271,1.04898905418859,1.04669834728666,1.02013852154401,0.994464596390121,1.00028891046288,1.01360252644684,1.00165522958937
"22",26.278703026982,0.150962675291448,1.0016544137805,0.978385094847584,0.954895422116559,0.958307496473478,0.971193573859789,1.0113727268271,1.04898905418859,1.04669834728666,1.02013852154401,0.994464596390121,1.00028891046288,1.01360252644684
"23",26.4537563136602,0.14794383879567,1.01360269211156,1.0016544137805,0.978385094847584,0.954895422116559,0.958307496473478,0.971193573859789,1.0113727268271,1.04898905418859,1.04669834728666,1.02013852154401,0.994464596390121,1.00028891046288
"24",26.7234372627981,0.145001542540596,1.00028965750113,1.01360269211156,1.0016544137805,0.978385094847584,0.954895422116559,0.958307496473478,0.971193573859789,1.0113727268271,1.04898905418859,1.04669834728666,1.02013852154401,0.994464596390121
"25",26.8314180764345,0.142091997661555,0.994464395214982,1.00028965750113,1.01360269211156,1.0016544137805,0.978385094847584,0.954895422116559,0.958307496473478,0.971193573859789,1.0113727268271,1.04898905418859,1.04669834728666,1.02013852154401
"26",26.2066541022931,0.139120432970119,1.0201339181428,0.994464395214982,1.00028965750113,1.01360269211156,1.0016544137805,0.978385094847584,0.954895422116559,0.958307496473478,0.971193573859789,1.0113727268271,1.04898905418859,1.04669834728666
"27",25.8790813513475,0.136257837305429,1.04669541099248,1.0201339181428,0.994464395214982,1.00028965750113,1.01360269211156,1.0016544137805,0.978385094847584,0.954895422116559,0.958307496473478,0.971193573859789,1.0113727268271,1.04898905418859
"28",26.1530009370063,0.133552160564409,1.04898995604425,1.04669541099248,1.0201339181428,0.994464395214982,1.00028965750113,1.01360269211156,1.0016544137805,0.978385094847584,0.954895422116559,0.958307496473478,0.971193573859789,1.0113727268271
"29",26.7448944762355,0.130953510074455,1.01137555268223,1.04898995604425,1.04669541099248,1.0201339181428,0.994464395214982,1.00028965750113,1.01360269211156,1.0016544137805,0.978385094847584,0.954895422116559,0.958307496473478,0.971193573859789
"30",27.2020361205945,0.12838511447953,0.971195466831283,1.01137555268223,1.04898995604425,1.04669541099248,1.0201339181428,0.994464395214982,1.00028965750113,1.01360269211156,1.0016544137805,0.978385094847584,0.954895422116559,0.958307496473478
"31",27.5847192279717,0.125856299522524,0.958308931379486,0.971195466831283,1.01137555268223,1.04898995604425,1.04669541099248,1.0201339181428,0.994464395214982,1.00028965750113,1.01360269211156,1.0016544137805,0.978385094847584,0.954895422116559
"32",27.8396156971704,0.123357477493724,0.954896144367239,0.958308931379486,0.971195466831283,1.01137555268223,1.04898995604425,1.04669541099248,1.0201339181428,0.994464395214982,1.00028965750113,1.01360269211156,1.0016544137805,0.978385094847584
"33",27.8462693011677,0.120868191312655,0.978384458095891,0.954896144367239,0.958308931379486,0.971195466831283,1.01137555268223,1.04898995604425,1.04669541099248,1.0201339181428,0.994464395214982,1.00028965750113,1.01360269211156,1.0016544137805
"34",28.2258333084589,0.118490616519754,1.00165590366902,0.978384458095891,0.954896144367239,0.958308931379486,0.971195466831283,1.01137555268223,1.04898995604425,1.04669541099248,1.0201339181428,0.994464395214982,1.00028965750113,1.01360269211156
"35",27.7481223183519,0.116019759342954,1.0135993090396,1.00165590366902,0.978384458095891,0.954896144367239,0.958308931379486,0.971195466831283,1.01137555268223,1.04898995604425,1.04669541099248,1.0201339181428,0.994464395214982,1.00028965750113
"36",28.0419757281519,0.113725940962168,1.00029068783967,1.0135993090396,1.00165590366902,0.978384458095891,0.954896144367239,0.958308931379486,0.971195466831283,1.01137555268223,1.04898995604425,1.04669541099248,1.0201339181428,0.994464395214982
"37",27.9621350512492,0.111416844981564,0.99446331884836,1.00029068783967,1.0135993090396,1.00165590366902,0.978384458095891,0.954896144367239,0.958308931379486,0.971195466831283,1.01137555268223,1.04898995604425,1.04669541099248,1.0201339181428
"38",27.5731684743482,0.109103420875044,1.02013103432109,0.99446331884836,1.00029068783967,1.0135993090396,1.00165590366902,0.978384458095891,0.954896144367239,0.958308931379486,0.971195466831283,1.01137555268223,1.04898995604425,1.04669541099248
"39",27.2902533572591,0.106854178582453,1.04669306274332,1.02013103432109,0.99446331884836,1.00029068783967,1.0135993090396,1.00165590366902,0.978384458095891,0.954896144367239,0.958308931379486,0.971195466831283,1.01137555268223,1.04898995604425
"40",27.7508018287539,0.104772869945263,1.04899212654721,1.04669306274332,1.02013103432109,0.99446331884836,1.00029068783967,1.0135993090396,1.00165590366902,0.978384458095891,0.954896144367239,0.958308931379486,0.971195466831283,1.01137555268223
"41",28.7503871669851,0.102822414481472,1.01138074061536,1.04899212654721,1.04669306274332,1.02013103432109,0.99446331884836,1.00029068783967,1.0135993090396,1.00165590366902,0.978384458095891,0.954896144367239,0.958308931379486,0.971195466831283
"42",28.7427300825247,0.100745338690196,0.971194885443122,1.01138074061536,1.04899212654721,1.04669306274332,1.02013103432109,0.99446331884836,1.00029068783967,1.0135993090396,1.00165590366902,0.978384458095891,0.954896144367239,0.958308931379486
"43",29.0267834574774,0.0987582704320125,0.958309912304826,0.971194885443122,1.01138074061536,1.04899212654721,1.04669306274332,1.02013103432109,0.99446331884836,1.00029068783967,1.0135993090396,1.00165590366902,0.978384458095891,0.954896144367239
"44",28.7327320478454,0.0967160442587529,0.954894103035037,0.958309912304826,0.971194885443122,1.01138074061536,1.04899212654721,1.04669306274332,1.02013103432109,0.99446331884836,1.00029068783967,1.0135993090396,1.00165590366902,0.978384458095891
"45",29.0172303244645,0.0948103940883616,0.978385483808433,0.954894103035037,0.958309912304826,0.971194885443122,1.01138074061536,1.04899212654721,1.04669306274332,1.02013103432109,0.99446331884836,1.00029068783967,1.0135993090396,1.00165590366902
"46",28.5346907215763,0.0928168055260734,1.00165274942806,0.978385483808433,0.954894103035037,0.958309912304826,0.971194885443122,1.01138074061536,1.04899212654721,1.04669306274332,1.02013103432109,0.99446331884836,1.00029068783967,1.0135993090396
"47",28.6112767722407,0.0909556099110531,1.01359922797372,1.00165274942806,0.978385483808433,0.954894103035037,0.958309912304826,0.971194885443122,1.01138074061536,1.04899212654721,1.04669306274332,1.02013103432109,0.99446331884836,1.00029068783967
"48",28.4509699876097,0.0890929480462072,1.00028930294171,1.01359922797372,1.00165274942806,0.978385483808433,0.954894103035037,0.958309912304826,0.971194885443122,1.01138074061536,1.04899212654721,1.04669306274332,1.02013103432109,0.99446331884836
"49",28.401223970262,0.087286111002179,0.994462558054362,1.00028930294171,1.01359922797372,1.00165274942806,0.978385483808433,0.954894103035037,0.958309912304826,0.971194885443122,1.01138074061536,1.04899212654721,1.04669306274332,1.02013103432109
"50",28.7026988016779,0.0855736333227635,1.02013226615344,0.994462558054362,1.00028930294171,1.01359922797372,1.00165274942806,0.978385483808433,0.954894103035037,0.958309912304826,0.971194885443122,1.01138074061536,1.04899212654721,1.04669306274332
"51",28.7981183694498,0.0838617691560889,1.04669312969915,1.02013226615344,0.994462558054362,1.00028930294171,1.01359922797372,1.00165274942806,0.978385483808433,0.954894103035037,0.958309912304826,0.971194885443122,1.01138074061536,1.04899212654721
"52",29.0910191414459,0.0822170102221446,1.04899334577615,1.04669312969915,1.02013226615344,0.994462558054362,1.00028930294171,1.01359922797372,1.00165274942806,0.978385483808433,0.954894103035037,0.958309912304826,0.971194885443122,1.01138074061536
"53",28.8548504550289,0.0805182638952698,1.01137899129869,1.04899334577615,1.04669312969915,1.02013226615344,0.994462558054362,1.00028930294171,1.01359922797372,1.00165274942806,0.978385483808433,0.954894103035037,0.958309912304826,0.971194885443122
"54",29.1084182240149,0.0789345225776356,0.971195819368502,1.01137899129869,1.04899334577615,1.04669312969915,1.02013226615344,0.994462558054362,1.00028930294171,1.01359922797372,1.00165274942806,0.978385483808433,0.954894103035037,0.958309912304826
"55",29.5058466351176,0.0774064630642449,0.958311586469761,0.971195819368502,1.01137899129869,1.04899334577615,1.04669312969915,1.02013226615344,0.994462558054362,1.00028930294171,1.01359922797372,1.00165274942806,0.978385483808433,0.954894103035037
"56",29.8848153571914,0.0759062103200564,0.954895661682654,0.958311586469761,0.971195819368502,1.01137899129869,1.04899334577615,1.04669312969915,1.02013226615344,0.994462558054362,1.00028930294171,1.01359922797372,1.00165274942806,0.978385483808433
"57",30.1961109637606,0.0744250924418311,0.978386716273026,0.954895661682654,0.958311586469761,0.971195819368502,1.01137899129869,1.04899334577615,1.04669312969915,1.02013226615344,0.994462558054362,1.00028930294171,1.01359922797372,1.00165274942806
"58",29.4908773903211,0.0728063486018661,1.00164864734903,0.978386716273026,0.954895661682654,0.958311586469761,0.971195819368502,1.01137899129869,1.04899334577615,1.04669312969915,1.02013226615344,0.994462558054362,1.00028930294171,1.01359922797372
"59",29.1219074937174,0.0712757018469631,1.01359682301378,1.00164864734903,0.978386716273026,0.954895661682654,0.958311586469761,0.971195819368502,1.01137899129869,1.04899334577615,1.04669312969915,1.02013226615344,0.994462558054362,1.00028930294171
"60",29.5669627783066,0.0699101102733699,1.00029135102895,1.01359682301378,1.00164864734903,0.978386716273026,0.954895661682654,0.958311586469761,0.971195819368502,1.01137899129869,1.04899334577615,1.04669312969915,1.02013226615344,0.994462558054362
"61",29.7963304059936,0.0685365417084763,0.994463417919321,1.00029135102895,1.01359682301378,1.00164864734903,0.978386716273026,0.954895661682654,0.958311586469761,0.971195819368502,1.01137899129869,1.04899334577615,1.04669312969915,1.02013226615344
"62",29.5520127154273,0.0671126383513899,1.02013057118957,0.994463417919321,1.00029135102895,1.01359682301378,1.00164864734903,0.978386716273026,0.954895661682654,0.958311586469761,0.971195819368502,1.01137899129869,1.04899334577615,1.04669312969915
"63",29.5997487230413,0.0657656126269658,1.04669302818262,1.02013057118957,0.994463417919321,1.00029135102895,1.01359682301378,1.00164864734903,0.978386716273026,0.954895661682654,0.958311586469761,0.971195819368502,1.01137899129869,1.04899334577615
"64",30.5996571448203,0.0646027021876586,1.04899861537316,1.04669302818262,1.02013057118957,0.994463417919321,1.00029135102895,1.01359682301378,1.00164864734903,0.978386716273026,0.954895661682654,0.958311586469761,0.971195819368502,1.01137899129869
"65",30.8734955819083,0.0633436103147435,1.01138009747633,1.04899861537316,1.04669302818262,1.02013057118957,0.994463417919321,1.00029135102895,1.01359682301378,1.00164864734903,0.978386716273026,0.954895661682654,0.958311586469761,0.971195819368502
"66",30.8298928471153,0.0620576220923115,0.971195290869189,1.01138009747633,1.04899861537316,1.04669302818262,1.02013057118957,0.994463417919321,1.00029135102895,1.01359682301378,1.00164864734903,0.978386716273026,0.954895661682654,0.958311586469761
"67",30.8509989984609,0.0608082600697873,0.958311390234911,0.971195290869189,1.01138009747633,1.04899861537316,1.04669302818262,1.02013057118957,0.994463417919321,1.00029135102895,1.01359682301378,1.00164864734903,0.978386716273026,0.954895661682654
"68",30.9484166007535,0.0595966969649286,0.954895847833166,0.958311390234911,0.971195290869189,1.01138009747633,1.04899861537316,1.04669302818262,1.02013057118957,0.994463417919321,1.00029135102895,1.01359682301378,1.00164864734903,0.978386716273026
"69",31.1545849131027,0.0584275157744024,0.978387459014098,0.954895847833166,0.958311390234911,0.971195290869189,1.01138009747633,1.04899861537316,1.04669302818262,1.02013057118957,0.994463417919321,1.00029135102895,1.01359682301378,1.00164864734903
"70",31.1506812729816,0.0572473178790766,1.00164833468137,0.978387459014098,0.954895847833166,0.958311390234911,0.971195290869189,1.01138009747633,1.04899861537316,1.04669302818262,1.02013057118957,0.994463417919321,1.00029135102895,1.01359682301378
"71",31.415529687794,0.056135237422017,1.01359790307855,1.00164833468137,0.978387459014098,0.954895847833166,0.958311390234911,0.971195290869189,1.01138009747633,1.04899861537316,1.04669302818262,1.02013057118957,0.994463417919321,1.00029135102895
"72",31.3266201810733,0.0549873075820029,1.00029062231486,1.01359790307855,1.00164833468137,0.978387459014098,0.954895847833166,0.958311390234911,0.971195290869189,1.01138009747633,1.04899861537316,1.04669302818262,1.02013057118957,0.994463417919321
"73",31.3802213638415,0.0538860387593503,0.99446341648106,1.00029062231486,1.01359790307855,1.00164833468137,0.978387459014098,0.954895847833166,0.958311390234911,0.971195290869189,1.01138009747633,1.04899861537316,1.04669302818262,1.02013057118957
"74",30.8929897197437,0.0527178717396321,1.02012777924766,0.99446341648106,1.00029062231486,1.01359790307855,1.00164833468137,0.978387459014098,0.954895847833166,0.958311390234911,0.971195290869189,1.01138009747633,1.04899861537316,1.04669302818262
"75",30.4114953657289,0.0515742335968964,1.04669015541496,1.02012777924766,0.99446341648106,1.00029062231486,1.01359790307855,1.00164833468137,0.978387459014098,0.954895847833166,0.958311390234911,0.971195290869189,1.01138009747633,1.04899861537316
"76",30.6368793506538,0.0505701794302779,1.04899957449855,1.04669015541496,1.02012777924766,0.99446341648106,1.00029062231486,1.01359790307855,1.00164833468137,0.978387459014098,0.954895847833166,0.958311390234911,0.971195290869189,1.01138009747633
"77",31.4439867114458,0.0496822653311581,1.01138407480346,1.04899957449855,1.04669015541496,1.02012777924766,0.99446341648106,1.00029062231486,1.01359790307855,1.00164833468137,0.978387459014098,0.954895847833166,0.958311390234911,0.971195290869189
"78",31.6528658982923,0.0487136868197262,0.971196077823801,1.01138407480346,1.04899957449855,1.04669015541496,1.02012777924766,0.99446341648106,1.00029062231486,1.01359790307855,1.00164833468137,0.978387459014098,0.954895847833166,0.958311390234911
"79",32.2539131076766,0.0478292928502454,0.958314054755196,0.971196077823801,1.01138407480346,1.04899957449855,1.04669015541496,1.02012777924766,0.99446341648106,1.00029062231486,1.01359790307855,1.00164833468137,0.978387459014098,0.954895847833166
"80",32.6251471849099,0.0469248793848678,0.954897375349564,0.958314054755196,0.971196077823801,1.01138407480346,1.04899957449855,1.04669015541496,1.02012777924766,0.99446341648106,1.00029062231486,1.01359790307855,1.00164833468137,0.978387459014098
"81",32.8997949591586,0.0460228067932682,0.97838854983645,0.954897375349564,0.958314054755196,0.971196077823801,1.01138407480346,1.04899957449855,1.04669015541496,1.02012777924766,0.99446341648106,1.00029062231486,1.01359790307855,1.00164833468137
"82",32.3716933971801,0.0450066498814898,1.00164555850251,0.97838854983645,0.954897375349564,0.958314054755196,0.971196077823801,1.01138407480346,1.04899957449855,1.04669015541496,1.02012777924766,0.99446341648106,1.00029062231486,1.01359790307855
"83",32.4517392063326,0.044111232130822,1.01359808210005,1.00164555850251,0.97838854983645,0.954897375349564,0.958314054755196,0.971196077823801,1.01138407480346,1.04899957449855,1.04669015541496,1.02012777924766,0.99446341648106,1.00029062231486
"84",31.508092900616,0.0430651836303426,1.00028578299907,1.01359808210005,1.00164555850251,0.97838854983645,0.954897375349564,0.958314054755196,0.971196077823801,1.01138407480346,1.04899957449855,1.04669015541496,1.02012777924766,0.99446341648106
"85",29.9484981619312,0.0419387428330434,0.994455373721569,1.00028578299907,1.01359808210005,1.00164555850251,0.97838854983645,0.954897375349564,0.958314054755196,0.971196077823801,1.01138407480346,1.04899957449855,1.04669015541496,1.02012777924766
"86",29.3657754929653,0.0409960346598731,1.02012439893873,0.994455373721569,1.00028578299907,1.01359808210005,1.00164555850251,0.97838854983645,0.954897375349564,0.958314054755196,0.971196077823801,1.01138407480346,1.04899957449855,1.04669015541496
"87",29.7365430796557,0.0402294964560741,1.04669202992648,1.02012439893873,0.994455373721569,1.00028578299907,1.01359808210005,1.00164555850251,0.97838854983645,0.954897375349564,0.958314054755196,0.971196077823801,1.01138407480346,1.04899957449855
"88",30.402149633404,0.0395270237948718,1.04900308866739,1.04669202992648,1.02012439893873,0.994455373721569,1.00028578299907,1.01359808210005,1.00164555850251,0.97838854983645,0.954897375349564,0.958314054755196,0.971196077823801,1.01138407480346
"89",30.0602760823167,0.0386726969340761,1.01138206038375,1.04900308866739,1.04669202992648,1.02012439893873,0.994455373721569,1.00028578299907,1.01359808210005,1.00164555850251,0.97838854983645,0.954897375349564,0.958314054755196,0.971196077823801
"90",30.4548282331778,0.037956982835137,0.971197911091567,1.01138206038375,1.04900308866739,1.04669202992648,1.02012439893873,0.994455373721569,1.00028578299907,1.01359808210005,1.00164555850251,0.97838854983645,0.954897375349564,0.958314054755196
"91",30.3923175494258,0.0371803923929578,0.958313555570164,0.971197911091567,1.01138206038375,1.04900308866739,1.04669202992648,1.02012439893873,0.994455373721569,1.00028578299907,1.01359808210005,1.00164555850251,0.97838854983645,0.954897375349564
"92",31.1213178161621,0.0365499235692299,0.954900837491399,0.958313555570164,0.971197911091567,1.01138206038375,1.04900308866739,1.04669202992648,1.02012439893873,0.994455373721569,1.00028578299907,1.01359808210005,1.00164555850251,0.97838854983645
"93",31.2930002733809,0.0358403350998333,0.978389229465562,0.954900837491399,0.958313555570164,0.971197911091567,1.01138206038375,1.04900308866739,1.04669202992648,1.02012439893873,0.994455373721569,1.00028578299907,1.01359808210005,1.00164555850251
"94",31.7080622950793,0.0351851817776255,1.0016474936149,0.978389229465562,0.954900837491399,0.958313555570164,0.971197911091567,1.01138206038375,1.04900308866739,1.04669202992648,1.02012439893873,0.994455373721569,1.00028578299907,1.01359808210005
"95",31.5898364183458,0.0344553673553156,1.01359730532828,1.0016474936149,0.978389229465562,0.954900837491399,0.958313555570164,0.971197911091567,1.01138206038375,1.04900308866739,1.04669202992648,1.02012439893873,0.994455373721569,1.00028578299907
"96",32.8848026381155,0.0339731852705433,1.0002921379051,1.01359730532828,1.0016474936149,0.978389229465562,0.954900837491399,0.958313555570164,0.971197911091567,1.01138206038375,1.04900308866739,1.04669202992648,1.02012439893873,0.994455373721569
"97",32.7424397273402,0.0332638611852637,0.994454528394067,1.0002921379051,1.01359730532828,1.0016474936149,0.978389229465562,0.954900837491399,0.958313555570164,0.971197911091567,1.01138206038375,1.04900308866739,1.04669202992648,1.02012439893873
"98",32.8615030810022,0.0326119410638034,1.0201248276508,0.994454528394067,1.0002921379051,1.01359730532828,1.0016474936149,0.978389229465562,0.954900837491399,0.958313555570164,0.971197911091567,1.01138206038375,1.04900308866739,1.04669202992648
"99",33.4134587761437,0.0320445241755453,1.04669466578541,1.0201248276508,0.994454528394067,1.0002921379051,1.01359730532828,1.0016474936149,0.978389229465562,0.954900837491399,0.958313555570164,0.971197911091567,1.01138206038375,1.04900308866739
"100",33.3291820938656,0.0313837093534867,1.04900251068354,1.04669466578541,1.0201248276508,0.994454528394067,1.0002921379051,1.01359730532828,1.0016474936149,0.978389229465562,0.954900837491399,0.958313555570164,0.971197911091567,1.01138206038375
"101",32.8148719391496,0.0306653643885986,1.01137942799095,1.04900251068354,1.04669466578541,1.0201248276508,0.994454528394067,1.0002921379051,1.01359730532828,1.0016474936149,0.978389229465562,0.954900837491399,0.958313555570164,0.971197911091567
"102",33.066460630894,0.0300877442056611,0.971198954606717,1.01137942799095,1.04900251068354,1.04669466578541,1.0201248276508,0.994454528394067,1.0002921379051,1.01359730532828,1.0016474936149,0.978389229465562,0.954900837491399,0.958313555570164
"103",33.2113838642293,0.0295042064053737,0.958314088038668,0.971198954606717,1.01137942799095,1.04900251068354,1.04669466578541,1.0201248276508,0.994454528394067,1.0002921379051,1.01359730532828,1.0016474936149,0.978389229465562,0.954900837491399
"104",33.6994886310566,0.0289890066834807,0.954902938845579,0.958314088038668,0.971198954606717,1.01137942799095,1.04900251068354,1.04669466578541,1.0201248276508,0.994454528394067,1.0002921379051,1.01359730532828,1.0016474936149,0.978389229465562
"105",33.6486240845856,0.0283953841151815,0.97838886314629,0.954902938845579,0.958314088038668,0.971198954606717,1.01137942799095,1.04900251068354,1.04669466578541,1.0201248276508,0.994454528394067,1.0002921379051,1.01359730532828,1.0016474936149
"106",33.8673369658188,0.0278581730270028,1.00164839804531,0.97838886314629,0.954902938845579,0.958314088038668,0.971198954606717,1.01137942799095,1.04900251068354,1.04669466578541,1.0201248276508,0.994454528394067,1.0002921379051,1.01359730532828
"107",33.1523738810948,0.0271779345414766,1.01359376939082,1.00164839804531,0.97838886314629,0.954902938845579,0.958314088038668,0.971198954606717,1.01137942799095,1.04900251068354,1.04669466578541,1.0201248276508,0.994454528394067,1.0002921379051
"108",33.3290224493949,0.0266583694055603,1.00029285836535,1.01359376939082,1.00164839804531,0.97838886314629,0.954902938845579,0.958314088038668,0.971198954606717,1.01137942799095,1.04900251068354,1.04669466578541,1.0201248276508,0.994454528394067
"109",34.1940002670665,0.0262627322980896,0.994458512402115,1.00029285836535,1.01359376939082,1.00164839804531,0.97838886314629,0.954902938845579,0.958314088038668,0.971198954606717,1.01137942799095,1.04900251068354,1.04669466578541,1.0201248276508
"110",34.1954048475638,0.0257327628044178,1.02012471210079,0.994458512402115,1.00029285836535,1.01359376939082,1.00164839804531,0.97838886314629,0.954902938845579,0.958314088038668,0.971198954606717,1.01137942799095,1.04900251068354,1.04669466578541
"111",35.0158795938147,0.025348477908777,1.0466985406086,1.02012471210079,0.994458512402115,1.00029285836535,1.01359376939082,1.00164839804531,0.97838886314629,0.954902938845579,0.958314088038668,0.971198954606717,1.01137942799095,1.04900251068354
"112",33.9622022382037,0.0246630848024188,1.04899736736912,1.0466985406086,1.02012471210079,0.994458512402115,1.00029285836535,1.01359376939082,1.00164839804531,0.97838886314629,0.954902938845579,0.958314088038668,0.971198954606717,1.01137942799095
"113",34.292230651572,0.0242195677994953,1.01138087790761,1.04899736736912,1.0466985406086,1.02012471210079,0.994458512402115,1.00029285836535,1.01359376939082,1.00164839804531,0.97838886314629,0.954902938845579,0.958314088038668,0.971198954606717
"114",34.2972605725973,0.0237314438734762,0.971198870278554,1.01138087790761,1.04899736736912,1.0466985406086,1.02012471210079,0.994458512402115,1.00029285836535,1.01359376939082,1.00164839804531,0.97838886314629,0.954902938845579,0.958314088038668
"115",34.1386526873297,0.0232262063233415,0.958313279104748,0.971198870278554,1.01138087790761,1.04899736736912,1.0466985406086,1.02012471210079,0.994458512402115,1.00029285836535,1.01359376939082,1.00164839804531,0.97838886314629,0.954902938845579
"116",34.4756367430978,0.0228128438241202,0.954904338025174,0.958313279104748,0.971198870278554,1.01138087790761,1.04899736736912,1.0466985406086,1.02012471210079,0.994458512402115,1.00029285836535,1.01359376939082,1.00164839804531,0.97838886314629
"117",35.1446660186463,0.0224625485461672,0.978391784705598,0.954904338025174,0.958313279104748,0.971198870278554,1.01138087790761,1.04899736736912,1.0466985406086,1.02012471210079,0.994458512402115,1.00029285836535,1.01359376939082,1.00164839804531
"118",34.9213980783,0.0219722717018003,1.00164728513719,0.978391784705598,0.954904338025174,0.958313279104748,0.971198870278554,1.01138087790761,1.04899736736912,1.0466985406086,1.02012471210079,0.994458512402115,1.00029285836535,1.01359376939082
"119",34.3975654209705,0.0214423587025667,1.01359124937139,1.00164728513719,0.978391784705598,0.954904338025174,0.958313279104748,0.971198870278554,1.01138087790761,1.04899736736912,1.0466985406086,1.02012471210079,0.994458512402115,1.00029285836535
"120",34.6161988522749,0.0210455045629248,1.00029377327525,1.01359124937139,1.00164728513719,0.978391784705598,0.954904338025174,0.958313279104748,0.971198870278554,1.01138087790761,1.04899736736912,1.0466985406086,1.02012471210079,0.994458512402115
"121",35.0693536739323,0.0206953121279018,0.994460490636531,1.00029377327525,1.01359124937139,1.00164728513719,0.978391784705598,0.954904338025174,0.958313279104748,0.971198870278554,1.01138087790761,1.04899736736912,1.0466985406086,1.02012471210079
"122",34.7177849333426,0.0202195684695859,1.02012299001877,0.994460490636531,1.00029377327525,1.01359124937139,1.00164728513719,0.978391784705598,0.954904338025174,0.958313279104748,0.971198870278554,1.01138087790761,1.04899736736912,1.0466985406086
"123",35.6275133642625,0.0199612951103768,1.04670281212282,1.02012299001877,0.994460490636531,1.00029377327525,1.01359124937139,1.00164728513719,0.978391784705598,0.954904338025174,0.958313279104748,0.971198870278554,1.01138087790761,1.04899736736912
"124",36.2306600831724,0.0196577102109223,1.04900010305897,1.04670281212282,1.02012299001877,0.994460490636531,1.00029377327525,1.01359124937139,1.00164728513719,0.978391784705598,0.954904338025174,0.958313279104748,0.971198870278554,1.01138087790761
"125",36.1906216731456,0.0192542552119558,1.01138061433985,1.04900010305897,1.04670281212282,1.02012299001877,0.994460490636531,1.00029377327525,1.01359124937139,1.00164728513719,0.978391784705598,0.954904338025174,0.958313279104748,0.971198870278554
"126",35.6324715640247,0.0187735588279078,0.971196404876271,1.01138061433985,1.04900010305897,1.04670281212282,1.02012299001877,0.994460490636531,1.00029377327525,1.01359124937139,1.00164728513719,0.978391784705598,0.954904338025174,0.958313279104748
"127",34.5006982981686,0.0182080319676493,0.958308354041155,0.971196404876271,1.01138061433985,1.04900010305897,1.04670281212282,1.02012299001877,0.994460490636531,1.00029377327525,1.01359124937139,1.00164728513719,0.978391784705598,0.954904338025174
"128",34.2491556583779,0.0177989869898993,0.954903150905271,0.958308354041155,0.971196404876271,1.01138061433985,1.04900010305897,1.04670281212282,1.02012299001877,0.994460490636531,1.00029377327525,1.01359124937139,1.00164728513719,0.978391784705598
"129",35.1741283115379,0.0175920934497557,0.978395912470527,0.954903150905271,0.958308354041155,0.971196404876271,1.01138061433985,1.04900010305897,1.04670281212282,1.02012299001877,0.994460490636531,1.00029377327525,1.01359124937139,1.00164728513719
"130",35.3820559222891,0.0172712054211196,1.00164814973423,0.978395912470527,0.954903150905271,0.958308354041155,0.971196404876271,1.01138061433985,1.04900010305897,1.04670281212282,1.02012299001877,0.994460490636531,1.00029377327525,1.01359124937139
"131",36.0282651587688,0.0170290258085442,1.01359411969474,1.00164814973423,0.978395912470527,0.954903150905271,0.958308354041155,0.971196404876271,1.01138061433985,1.04900010305897,1.04670281212282,1.02012299001877,0.994460490636531,1.00029377327525
"132",35.2356908387108,0.0165546192498405,1.0002901957351,1.01359411969474,1.00164814973423,0.978395912470527,0.954903150905271,0.958308354041155,0.971196404876271,1.01138061433985,1.04900010305897,1.04670281212282,1.02012299001877,0.994460490636531
"133",36.4616475607031,0.0164224505700145,0.994465926977549,1.0002901957351,1.01359411969474,1.00164814973423,0.978395912470527,0.954903150905271,0.958308354041155,0.971196404876271,1.01138061433985,1.04900010305897,1.04670281212282,1.02012299001877
"134",34.8294467092035,0.015821916609857,1.02011564705329,0.994465926977549,1.0002901957351,1.01359411969474,1.00164814973423,0.978395912470527,0.954903150905271,0.958308354041155,0.971196404876271,1.01138061433985,1.04900010305897,1.04670281212282
"135",34.9956525099174,0.0155298896251236,1.04670353324861,1.02011564705329,0.994465926977549,1.0002901957351,1.01359411969474,1.00164814973423,0.978395912470527,0.954903150905271,0.958308354041155,0.971196404876271,1.01138061433985,1.04900010305897
"136",34.6601319203241,0.0151610720601611,1.04899842900542,1.04670353324861,1.02011564705329,0.994465926977549,1.0002901957351,1.01359411969474,1.00164814973423,0.978395912470527,0.954903150905271,0.958308354041155,0.971196404876271,1.01138061433985
"137",34.3306928397885,0.0148007025618778,1.01137901462333,1.04899842900542,1.04670353324861,1.02011564705329,0.994465926977549,1.0002901957351,1.01359411969474,1.00164814973423,0.978395912470527,0.954903150905271,0.958308354041155,0.971196404876271
"138",34.1443104004857,0.0144711845194848,0.971195499968318,1.01137901462333,1.04899842900542,1.04670353324861,1.02011564705329,0.994465926977549,1.0002901957351,1.01359411969474,1.00164814973423,0.978395912470527,0.954903150905271,0.958308354041155
"139",34.3125507833222,0.0142067618793184,0.958309042544086,0.971195499968318,1.01137901462333,1.04899842900542,1.04670353324861,1.02011564705329,0.994465926977549,1.0002901957351,1.01359411969474,1.00164814973423,0.978395912470527,0.954903150905271
"140",34.4222743742871,0.0139380337381393,0.954903575440617,0.958309042544086,0.971195499968318,1.01137901462333,1.04899842900542,1.04670353324861,1.02011564705329,0.994465926977549,1.0002901957351,1.01359411969474,1.00164814973423,0.978395912470527
"141",34.618715542334,0.0136890221072655,0.978396739743695,0.954903575440617,0.958309042544086,0.971195499968318,1.01137901462333,1.04899842900542,1.04670353324861,1.02011564705329,0.994465926977549,1.0002901957351,1.01359411969474,1.00164814973423
"142",34.7081686501636,0.0134274056320008,1.00164850006647,0.978396739743695,0.954903575440617,0.958309042544086,0.971195499968318,1.01137901462333,1.04899842900542,1.04670353324861,1.02011564705329,0.994465926977549,1.0002901957351,1.01359411969474
"143",34.8652762100983,0.0131822204300967,1.01359478909936,1.00164850006647,0.978396739743695,0.954903575440617,0.958309042544086,0.971195499968318,1.01137901462333,1.04899842900542,1.04670353324861,1.02011564705329,0.994465926977549,1.0002901957351
"144",35.2027673933947,0.0129717129108511,1.00029167858249,1.01359478909936,1.00164850006647,0.978396739743695,0.954903575440617,0.958309042544086,0.971195499968318,1.01137901462333,1.04899842900542,1.04670353324861,1.02011564705329,0.994465926977549
"145",34.6860118136747,0.0126246725791961,0.994463545164221,1.00029167858249,1.01359478909936,1.00164850006647,0.978396739743695,0.954903575440617,0.958309042544086,0.971195499968318,1.01137901462333,1.04899842900542,1.04670353324861,1.02011564705329
"146",36.7731365153325,0.0127137662480935,1.0201253637498,0.994463545164221,1.00029167858249,1.01359478909936,1.00164850006647,0.978396739743695,0.954903575440617,0.958309042544086,0.971195499968318,1.01137901462333,1.04899842900542,1.04670353324861
"147",37.6376076262633,0.0125995640256019,1.04670739517233,1.0201253637498,0.994463545164221,1.00029167858249,1.01359478909936,1.00164850006647,0.978396739743695,0.954903575440617,0.958309042544086,0.971195499968318,1.01137901462333,1.04899842900542
"148",36.4846577374649,0.0121551898970651,1.04899325699782,1.04670739517233,1.0201253637498,0.994463545164221,1.00029167858249,1.01359478909936,1.00164850006647,0.978396739743695,0.954903575440617,0.958309042544086,0.971195499968318,1.01137901462333
"149",35.6169728315782,0.0117667995298553,1.01137513171113,1.04899325699782,1.04670739517233,1.0201253637498,0.994463545164221,1.00029167858249,1.01359478909936,1.00164850006647,0.978396739743695,0.954903575440617,0.958309042544086,0.971195499968318
"150",36.0868666800064,0.0116066873936093,0.971197490322868,1.01137513171113,1.04899325699782,1.04670739517233,1.0201253637498,0.994463545164221,1.00029167858249,1.01359478909936,1.00164850006647,0.978396739743695,0.954903575440617,0.958309042544086
"151",35.7988177093588,0.0113248962450449,0.958307776300918,0.971197490322868,1.01137513171113,1.04899325699782,1.04670739517233,1.0201253637498,0.994463545164221,1.00029167858249,1.01359478909936,1.00164850006647,0.978396739743695,0.954903575440617
"152",35.7777160394284,0.0110927877644546,0.954903438661116,0.958307776300918,0.971197490322868,1.01137513171113,1.04899325699782,1.04670739517233,1.0201253637498,0.994463545164221,1.00029167858249,1.01359478909936,1.00164850006647,0.978396739743695
"153",35.480768803493,0.0108199049337147,0.978395399214182,0.954903438661116,0.958307776300918,0.971197490322868,1.01137513171113,1.04899325699782,1.04670739517233,1.0201253637498,0.994463545164221,1.00029167858249,1.01359478909936,1.00164850006647
"154",35.8565101027366,0.0106633923852066,1.00165014164548,0.978395399214182,0.954903438661116,0.958307776300918,0.971197490322868,1.01137513171113,1.04899325699782,1.04670739517233,1.0201253637498,0.994463545164221,1.00029167858249,1.01359478909936
"155",36.3061790359947,0.010522223076758,1.01359676635634,1.00165014164548,0.978395399214182,0.954903438661116,0.958307776300918,0.971197490322868,1.01137513171113,1.04899325699782,1.04670739517233,1.0201253637498,0.994463545164221,1.00029167858249
"156",36.2873348226003,0.0103066912712093,1.00029155065659,1.01359676635634,1.00165014164548,0.978395399214182,0.954903438661116,0.958307776300918,0.971197490322868,1.01137513171113,1.04899325699782,1.04670739517233,1.0201253637498,0.994463545164221
"157",36.344739076162,0.0101080766872788,0.99446375161791,1.00029155065659,1.01359676635634,1.00165014164548,0.978395399214182,0.954903438661116,0.958307776300918,0.971197490322868,1.01137513171113,1.04899325699782,1.04670739517233,1.0201253637498
"158",39.0088762426178,0.0103430697572523,1.02013722811608,0.99446375161791,1.00029155065659,1.01359676635634,1.00165014164548,0.978395399214182,0.954903438661116,0.958307776300918,0.971197490322868,1.01137513171113,1.04899325699782,1.04670739517233
"159",38.5465558524244,0.0100580684617731,1.04670537623523,1.02013722811608,0.99446375161791,1.00029155065659,1.01359676635634,1.00165014164548,0.978395399214182,0.954903438661116,0.958307776300918,0.971197490322868,1.01137513171113,1.04899325699782
"160",37.9074596480982,0.00974968764753732,1.04899044444091,1.04670537623523,1.02013722811608,0.99446375161791,1.00029155065659,1.01359676635634,1.00165014164548,0.978395399214182,0.954903438661116,0.958307776300918,0.971197490322868,1.01137513171113
"161",37.7051523876371,0.00951951675069907,1.01137423150352,1.04899044444091,1.04670537623523,1.02013722811608,0.99446375161791,1.00029155065659,1.01359676635634,1.00165014164548,0.978395399214182,0.954903438661116,0.958307776300918,0.971197490322868
"162",37.4473941445587,0.00928485412221339,0.971196394691519,1.01137423150352,1.04899044444091,1.04670537623523,1.02013722811608,0.99446375161791,1.00029155065659,1.01359676635634,1.00165014164548,0.978395399214182,0.954903438661116,0.958307776300918
"163",37.3693765910822,0.00908455078554638,0.958307421250338,0.971196394691519,1.01137423150352,1.04899044444091,1.04670537623523,1.02013722811608,0.99446375161791,1.00029155065659,1.01359676635634,1.00165014164548,0.978395399214182,0.954903438661116
"164",37.4521329366393,0.00891478729563302,0.954903739216621,0.958307421250338,0.971196394691519,1.01137423150352,1.04899044444091,1.04670537623523,1.02013722811608,0.99446375161791,1.00029155065659,1.01359676635634,1.00165014164548,0.978395399214182
"165",37.4571057186022,0.00873563206773106,0.978395383556151,0.954903739216621,0.958307421250338,0.971196394691519,1.01137423150352,1.04899044444091,1.04670537623523,1.02013722811608,0.99446375161791,1.00029155065659,1.01359676635634,1.00165014164548
"166",37.7280110605593,0.00860392022639479,1.00165125893808,0.978395383556151,0.954903739216621,0.958307421250338,0.971196394691519,1.01137423150352,1.04899044444091,1.04670537623523,1.02013722811608,0.99446375161791,1.00029155065659,1.01359676635634
"167",38.3015188534641,0.00852473728418635,1.01359918417298,1.00165125893808,0.978395383556151,0.954903739216621,0.958307421250338,0.971196394691519,1.01137423150352,1.04899044444091,1.04670537623523,1.02013722811608,0.99446375161791,1.00029155065659
"168",38.3803866931447,0.00836563466140641,1.00029184394998,1.01359918417298,1.00165125893808,0.978395383556151,0.954903739216621,0.958307421250338,0.971196394691519,1.01137423150352,1.04899044444091,1.04670537623523,1.02013722811608,0.99446375161791
"169",38.3470057108871,0.00819124509017141,0.994463580035078,1.00029184394998,1.01359918417298,1.00165125893808,0.978395383556151,0.954903739216621,0.958307421250338,0.971196394691519,1.01137423150352,1.04899044444091,1.04670537623523,1.02013722811608
"170",37.2657642584185,0.00784768538440384,1.02013261299239,0.994463580035078,1.00029184394998,1.01359918417298,1.00165125893808,0.978395383556151,0.954903739216621,0.958307421250338,0.971196394691519,1.01137423150352,1.04899044444091,1.04670537623523
"171",38.061353099701,0.00782036923837113,1.04670890081288,1.02013261299239,0.994463580035078,1.00029184394998,1.01359918417298,1.00165125893808,0.978395383556151,0.954903739216621,0.958307421250338,0.971196394691519,1.01137423150352,1.04899044444091
"172",37.9543676244461,0.00764485741415717,1.04898994119169,1.04670890081288,1.02013261299239,0.994463580035078,1.00029184394998,1.01359918417298,1.00165125893808,0.978395383556151,0.954903739216621,0.958307421250338,0.971196394691519,1.01137423150352
"173",39.3122263812139,0.00771429991588692,1.01137996247605,1.04898994119169,1.04670890081288,1.02013261299239,0.994463580035078,1.00029184394998,1.01359918417298,1.00165125893808,0.978395383556151,0.954903739216621,0.958307421250338,0.971196394691519
"174",38.2194125784456,0.00737846178104133,0.97119206508746,1.01137996247605,1.04898994119169,1.04670890081288,1.02013261299239,0.994463580035078,1.00029184394998,1.01359918417298,1.00165125893808,0.978395383556151,0.954903739216621,0.958307421250338
"175",37.5929408338789,0.00712625832946896,0.958304890576541,0.97119206508746,1.01137996247605,1.04898994119169,1.04670890081288,1.02013261299239,0.994463580035078,1.00029184394998,1.01359918417298,1.00165125893808,0.978395383556151,0.954903739216621
"176",37.6256506373923,0.00698778168293821,0.954903843295213,0.958304890576541,0.97119206508746,1.01137996247605,1.04898994119169,1.04670890081288,1.02013261299239,0.994463580035078,1.00029184394998,1.01359918417298,1.00165125893808,0.978395383556151
"177",37.7255186566923,0.00686316853968004,0.978395768804355,0.954903843295213,0.958304890576541,0.97119206508746,1.01137996247605,1.04898994119169,1.04670890081288,1.02013261299239,0.994463580035078,1.00029184394998,1.01359918417298,1.00165125893808
"178",37.4933951973814,0.00668635786713665,1.00165024889532,0.978395768804355,0.954903843295213,0.958304890576541,0.97119206508746,1.01137996247605,1.04898994119169,1.04670890081288,1.02013261299239,0.994463580035078,1.00029184394998,1.01359918417298
"179",37.3093752820757,0.0065210443271221,1.01359836361813,1.00165024889532,0.978395768804355,0.954903843295213,0.958304890576541,0.97119206508746,1.01137996247605,1.04898994119169,1.04670890081288,1.02013261299239,0.994463580035078,1.00029184394998
"180",37.3634207492091,0.00639830213261807,1.00029204744562,1.01359836361813,1.00165024889532,0.978395768804355,0.954903843295213,0.958304890576541,0.97119206508746,1.01137996247605,1.04898994119169,1.04670890081288,1.02013261299239,0.994463580035078
"181",37.6459256563408,0.00631568874865843,0.994464751042854,1.00029204744562,1.01359836361813,1.00165024889532,0.978395768804355,0.954903843295213,0.958304890576541,0.97119206508746,1.01137996247605,1.04898994119169,1.04670890081288,1.02013261299239
"182",38.5605058716602,0.00633891123238712,1.02013653358924,0.994464751042854,1.00029204744562,1.01359836361813,1.00165024889532,0.978395768804355,0.954903843295213,0.958304890576541,0.97119206508746,1.01137996247605,1.04898994119169,1.04670890081288
"183",38.9341786413285,0.00627252160863961,1.04671048949264,1.02013653358924,0.994464751042854,1.00029204744562,1.01359836361813,1.00165024889532,0.978395768804355,0.954903843295213,0.958304890576541,0.97119206508746,1.01137996247605,1.04898994119169
"184",38.726483762887,0.0061116610258274,1.04898902354308,1.04671048949264,1.02013653358924,0.994464751042854,1.00029204744562,1.01359836361813,1.00165024889532,0.978395768804355,0.954903843295213,0.958304890576541,0.97119206508746,1.01137996247605
"185",37.8399395253315,0.00584217139678752,1.01137624989669,1.04898902354308,1.04671048949264,1.02013653358924,0.994464751042854,1.00029204744562,1.01359836361813,1.00165024889532,0.978395768804355,0.954903843295213,0.958304890576541,0.97119206508746
"186",37.9238557381875,0.00573805731474339,0.971192384725227,1.01137624989669,1.04898902354308,1.04671048949264,1.02013653358924,0.994464751042854,1.00029204744562,1.01359836361813,1.00165024889532,0.978395768804355,0.954903843295213,0.958304890576541
"187",38.0428972190698,0.00564183388017209,0.958305347057022,0.971192384725227,1.01137624989669,1.04898902354308,1.04671048949264,1.02013653358924,0.994464751042854,1.00029204744562,1.01359836361813,1.00165024889532,0.978395768804355,0.954903843295213
"188",37.4142412755148,0.00542433010037864,0.954901307869627,0.958305347057022,0.971192384725227,1.01137624989669,1.04898902354308,1.04671048949264,1.02013653358924,0.994464751042854,1.00029204744562,1.01359836361813,1.00165024889532,0.978395768804355
"189",37.3804105272298,0.0053092464632371,0.978395605754518,0.954901307869627,0.958305347057022,0.971192384725227,1.01137624989669,1.04898902354308,1.04671048949264,1.02013653358924,0.994464751042854,1.00029204744562,1.01359836361813,1.00165024889532
"190",37.8831942128292,0.00528492195565854,1.00165237256652,0.978395605754518,0.954901307869627,0.958305347057022,0.971192384725227,1.01137624989669,1.04898902354308,1.04671048949264,1.02013653358924,0.994464751042854,1.00029204744562,1.01359836361813
"191",38.2576329352673,0.00523993685742612,1.01359993725269,1.00165237256652,0.978395605754518,0.954901307869627,0.958305347057022,0.971192384725227,1.01137624989669,1.04898902354308,1.04671048949264,1.02013653358924,0.994464751042854,1.00029204744562
"192",38.2146265123314,0.0051270636331471,1.00029184696083,1.01359993725269,1.00165237256652,0.978395605754518,0.954901307869627,0.958305347057022,0.971192384725227,1.01137624989669,1.04898902354308,1.04671048949264,1.02013653358924,0.994464751042854
"193",38.4660477605754,0.00506499175762906,0.994465772334914,1.00029184696083,1.01359993725269,1.00165237256652,0.978395605754518,0.954901307869627,0.958305347057022,0.971192384725227,1.01137624989669,1.04898902354308,1.04671048949264,1.02013653358924
"194",38.9953991571385,0.00504997679121641,1.02013874866923,0.994465772334914,1.00029184696083,1.01359993725269,1.00165237256652,0.978395605754518,0.954901307869627,0.958305347057022,0.971192384725227,1.01137624989669,1.04898902354308,1.04671048949264
"195",38.4832472398803,0.00486362186132483,1.04670827871344,1.02013874866923,0.994465772334914,1.00029184696083,1.01359993725269,1.00165237256652,0.978395605754518,0.954901307869627,0.958305347057022,0.971192384725227,1.01137624989669,1.04898902354308
"196",39.3984438042207,0.0049162607416016,1.04899297633793,1.04670827871344,1.02013874866923,0.994465772334914,1.00029184696083,1.01359993725269,1.00165237256652,0.978395605754518,0.954901307869627,0.958305347057022,0.971192384725227,1.01137624989669
"197",39.241224923968,0.00479109942110941,1.01137558736596,1.04899297633793,1.04670827871344,1.02013874866923,0.994465772334914,1.00029184696083,1.01359993725269,1.00165237256652,0.978395605754518,0.954901307869627,0.958305347057022,0.971192384725227
"198",38.7419442908521,0.00461209202458472,0.971190398024171,1.01137558736596,1.04899297633793,1.04670827871344,1.02013874866923,0.994465772334914,1.00029184696083,1.01359993725269,1.00165237256652,0.978395605754518,0.954901307869627,0.958305347057022
"199",38.7088778188747,0.00451353208119444,0.958305198971589,0.971190398024171,1.01137558736596,1.04899297633793,1.04670827871344,1.02013874866923,0.994465772334914,1.00029184696083,1.01359993725269,1.00165237256652,0.978395605754518,0.954901307869627
"200",38.7746729977803,0.00443325461700991,0.954901549016112,0.958305198971589,0.971190398024171,1.01137558736596,1.04899297633793,1.04670827871344,1.02013874866923,0.994465772334914,1.00029184696083,1.01359993725269,1.00165237256652,0.978395605754518
"201",38.4265000916696,0.00428637455178046,0.978394188948726,0.954901549016112,0.958305198971589,0.971190398024171,1.01137558736596,1.04899297633793,1.04670827871344,1.02013874866923,0.994465772334914,1.00029184696083,1.01359993725269,1.00165237256652
"202",38.1982809499489,0.0041622285168525,1.00165140757453,0.978394188948726,0.954901549016112,0.958305198971589,0.971190398024171,1.01137558736596,1.04899297633793,1.04670827871344,1.02013874866923,0.994465772334914,1.00029184696083,1.01359993725269
"203",38.5717457382554,0.00413974822818061,1.01360149848963,1.00165140757453,0.978394188948726,0.954901549016112,0.958305198971589,0.971190398024171,1.01137558736596,1.04899297633793,1.04670827871344,1.02013874866923,0.994465772334914,1.00029184696083
"204",38.9007392283071,0.00411039276645881,1.00029318917727,1.01360149848963,1.00165140757453,0.978394188948726,0.954901549016112,0.958305198971589,0.971190398024171,1.01137558736596,1.04899297633793,1.04670827871344,1.02013874866923,0.994465772334914
"205",39.61774851704,0.00414557619245299,0.994468675536598,1.00029318917727,1.01360149848963,1.00165140757453,0.978394188948726,0.954901549016112,0.958305198971589,0.971190398024171,1.01137558736596,1.04899297633793,1.04670827871344,1.02013874866923
"206",41.3669026526565,0.00435015010879921,1.02014590606853,0.994468675536598,1.00029318917727,1.01360149848963,1.00165140757453,0.978394188948726,0.954901549016112,0.958305198971589,0.971190398024171,1.01137558736596,1.04899297633793,1.04670827871344
"207",40.6175610844292,0.00413883390184832,1.04670524144244,1.02014590606853,0.994468675536598,1.00029318917727,1.01360149848963,1.00165140757453,0.978394188948726,0.954901549016112,0.958305198971589,0.971190398024171,1.01137558736596,1.04899297633793
"208",39.3993986373665,0.00385452063199325,1.04898794855765,1.04670524144244,1.02014590606853,0.994468675536598,1.00029318917727,1.01360149848963,1.00165140757453,0.978394188948726,0.954901549016112,0.958305198971589,0.971190398024171,1.01137558736596
"209",39.7690073653686,0.00383761696364819,1.01137708316869,1.04898794855765,1.04670524144244,1.02014590606853,0.994468675536598,1.00029318917727,1.01360149848963,1.00165140757453,0.978394188948726,0.954901549016112,0.958305198971589,0.971190398024171
"210",40.0650943171137,0.00380893792747973,0.971191535123466,1.01137708316869,1.04898794855765,1.04670524144244,1.02014590606853,0.994468675536598,1.00029318917727,1.01360149848963,1.00165140757453,0.978394188948726,0.954901549016112,0.958305198971589
"211",39.2842250662319,0.0036033520327944,0.958302209746095,0.971191535123466,1.01137708316869,1.04898794855765,1.04670524144244,1.02014590606853,0.994468675536598,1.00029318917727,1.01360149848963,1.00165140757453,0.978394188948726,0.954901549016112
"212",38.6092591613724,0.00341936978759721,0.954898922007694,0.958302209746095,0.971191535123466,1.01137708316869,1.04898794855765,1.04670524144244,1.02014590606853,0.994468675536598,1.00029318917727,1.01360149848963,1.00165140757453,0.978394188948726
"213",38.1742082371871,0.00327864059780986,0.978392419373006,0.954898922007694,0.958302209746095,0.971191535123466,1.01137708316869,1.04898794855765,1.04670524144244,1.02014590606853,0.994468675536598,1.00029318917727,1.01360149848963,1.00165140757453
"214",38.919021044009,0.00333519782857718,1.00165450707522,0.978392419373006,0.954898922007694,0.958302209746095,0.971191535123466,1.01137708316869,1.04898794855765,1.04670524144244,1.02014590606853,0.994468675536598,1.00029318917727,1.01360149848963
"215",39.7164051032616,0.00339927717395575,1.01360479280161,1.00165450707522,0.978392419373006,0.954898922007694,0.958302209746095,0.971191535123466,1.01137708316869,1.04898794855765,1.04670524144244,1.02014590606853,0.994468675536598,1.00029318917727
"216",39.6703001142146,0.00332305315983163,1.00029299085201,1.01360479280161,1.00165450707522,0.978392419373006,0.954898922007694,0.958302209746095,0.971191535123466,1.01137708316869,1.04898794855765,1.04670524144244,1.02014590606853,0.994468675536598
"217",39.2231634460999,0.00318227667347737,0.994466877105219,1.00029299085201,1.01360479280161,1.00165450707522,0.978392419373006,0.954898922007694,0.958302209746095,0.971191535123466,1.01137708316869,1.04898794855765,1.04670524144244,1.02014590606853
"218",39.7117459063799,0.00319855174797761,1.02014791726362,0.994466877105219,1.00029299085201,1.01360479280161,1.00165450707522,0.978392419373006,0.954898922007694,0.958302209746095,0.971191535123466,1.01137708316869,1.04898794855765,1.04670524144244
"219",39.4291999794045,0.0030874138211706,1.04670404204333,1.02014791726362,0.994466877105219,1.00029299085201,1.01360479280161,1.00165450707522,0.978392419373006,0.954898922007694,0.958302209746095,0.971191535123466,1.01137708316869,1.04898794855765
"220",38.5119927053254,0.00287392535652464,1.04898404887697,1.04670404204333,1.02014791726362,0.994466877105219,1.00029299085201,1.01360479280161,1.00165450707522,0.978392419373006,0.954898922007694,0.958302209746095,0.971191535123466,1.01137708316869
"221",36.2755100578079,0.00244732605145138,1.01136771597391,1.04898404887697,1.04670404204333,1.02014791726362,0.994466877105219,1.00029299085201,1.01360479280161,1.00165450707522,0.978392419373006,0.954898922007694,0.958302209746095,0.971191535123466
"222",35.8680996292789,0.00233077605370231,0.971189787467395,1.01136771597391,1.04898404887697,1.04670404204333,1.02014791726362,0.994466877105219,1.00029299085201,1.01360479280161,1.00165450707522,0.978392419373006,0.954898922007694,0.958302209746095
"223",36.7860538357608,0.00243500335498556,0.958306106631243,0.971189787467395,1.01136771597391,1.04898404887697,1.04670404204333,1.02014791726362,0.994466877105219,1.00029299085201,1.01360479280161,1.00165450707522,0.978392419373006,0.954898922007694
"224",37.80695141088,0.00255409187779354,0.954903133383517,0.958306106631243,0.971189787467395,1.01136771597391,1.04898404887697,1.04670404204333,1.02014791726362,0.994466877105219,1.00029299085201,1.01360479280161,1.00165450707522,0.978392419373006
"225",38.0971772893763,0.00255035915896328,0.978393605412787,0.954903133383517,0.958306106631243,0.971189787467395,1.01136771597391,1.04898404887697,1.04670404204333,1.02014791726362,0.994466877105219,1.00029299085201,1.01360479280161,1.00165450707522
"226",39.7646800936803,0.00277368145779387,1.00166148014352,0.978393605412787,0.954903133383517,0.958306106631243,0.971189787467395,1.01136771597391,1.04898404887697,1.04670404204333,1.02014791726362,0.994466877105219,1.00029299085201,1.01360479280161
"227",40.503833621113,0.00283950030802736,1.01360778291896,1.00166148014352,0.978393605412787,0.954903133383517,0.958306106631243,0.971189787467395,1.01136771597391,1.04898404887697,1.04670404204333,1.02014791726362,0.994466877105219,1.00029299085201
"228",40.2188550643674,0.0027352101286253,1.00029185885421,1.01360778291896,1.00166148014352,0.978393605412787,0.954903133383517,0.958306106631243,0.971189787467395,1.01136771597391,1.04898404887697,1.04670404204333,1.02014791726362,0.994466877105219
"229",40.710279647478,0.00276097912557468,0.99446880208136,1.00029185885421,1.01360778291896,1.00166148014352,0.978393605412787,0.954903133383517,0.958306106631243,0.971189787467395,1.01136771597391,1.04898404887697,1.04670404204333,1.02014791726362
"230",41.0673345288746,0.00276408333090029,1.02014933166852,0.99446880208136,1.00029185885421,1.01360778291896,1.00166148014352,0.978393605412787,0.954903133383517,0.958306106631243,0.971189787467395,1.01136771597391,1.04898404887697,1.04670404204333
"231",40.6782433395785,0.00264415759890166,1.04670245139131,1.02014933166852,0.99446880208136,1.00029185885421,1.01360778291896,1.00166148014352,0.978393605412787,0.954903133383517,0.958306106631243,0.971189787467395,1.01136771597391,1.04898404887697
"232",40.5715641970111,0.00257319538059313,1.04898360003501,1.04670245139131,1.02014933166852,0.99446880208136,1.00029185885421,1.01360778291896,1.00166148014352,0.978393605412787,0.954903133383517,0.958306106631243,0.971189787467395,1.01136771597391
"233",39.7435593279142,0.00238478897553919,1.01136441816144,1.04898360003501,1.04670245139131,1.02014933166852,0.99446880208136,1.00029185885421,1.01360778291896,1.00166148014352,0.978393605412787,0.954903133383517,0.958306106631243,0.971189787467395
"234",40.0846958695669,0.00239286444206805,0.971191106230201,1.01136441816144,1.04898360003501,1.04670245139131,1.02014933166852,0.99446880208136,1.00029185885421,1.01360778291896,1.00166148014352,0.978393605412787,0.954903133383517,0.958306106631243
"235",39.961632740864,0.00232427528195892,0.95830562906035,0.971191106230201,1.01136441816144,1.04898360003501,1.04670245139131,1.02014933166852,0.99446880208136,1.00029185885421,1.01360778291896,1.00166148014352,0.978393605412787,0.954903133383517
"236",39.2299097410823,0.00215676172178373,0.954900339553795,0.95830562906035,0.971191106230201,1.01136441816144,1.04898360003501,1.04670245139131,1.02014933166852,0.99446880208136,1.00029185885421,1.01360778291896,1.00166148014352,0.978393605412787
"237",39.3529774471172,0.00213350223567541,0.978394085926438,0.954900339553795,0.95830562906035,0.971191106230201,1.01136441816144,1.04898360003501,1.04670245139131,1.02014933166852,0.99446880208136,1.00029185885421,1.01360778291896,1.00166148014352
"238",40.2079878128904,0.00223133882081856,1.00166493826699,0.978394085926438,0.954900339553795,0.95830562906035,0.971191106230201,1.01136441816144,1.04898360003501,1.04670245139131,1.02014933166852,0.99446880208136,1.00029185885421,1.01360778291896
"239",39.1150228021214,0.00200616765005583,1.01360338527213,1.00166493826699,0.978394085926438,0.954900339553795,0.95830562906035,0.971191106230201,1.01136441816144,1.04898360003501,1.04670245139131,1.02014933166852,0.99446880208136,1.00029185885421
"240",39.6253075225499,0.00204976301574652,1.00029392951773,1.01360338527213,1.00166493826699,0.978394085926438,0.954900339553795,0.95830562906035,0.971191106230201,1.01136441816144,1.04898360003501,1.04670245139131,1.02014933166852,0.99446880208136
"241",40.1007661255051,0.0020867388073677,0.994470694785032,1.00029392951773,1.01360338527213,1.00166493826699,0.978394085926438,0.954900339553795,0.95830562906035,0.971191106230201,1.01136441816144,1.04898360003501,1.04670245139131,1.02014933166852
"242",40.460128755388,0.00210383512994535,1.02015077962512,0.994470694785032,1.00029392951773,1.01360338527213,1.00166493826699,0.978394085926438,0.954900339553795,0.95830562906035,0.971191106230201,1.01136441816144,1.04898360003501,1.04670245139131
"243",40.7768919596937,0.00211356578401145,1.04670374822645,1.02015077962512,0.994470694785032,1.00029392951773,1.01360338527213,1.00166493826699,0.978394085926438,0.954900339553795,0.95830562906035,0.971191106230201,1.01136441816144,1.04898360003501
"244",41.9244825803224,0.00226002301859414,1.048988294078,1.04670374822645,1.02015077962512,0.994470694785032,1.00029392951773,1.01360338527213,1.00166493826699,0.978394085926438,0.954900339553795,0.95830562906035,0.971191106230201,1.01136441816144
"245",41.4846521621985,0.00214191143978807,1.01136271954322,1.048988294078,1.04670374822645,1.02015077962512,0.994470694785032,1.00029392951773,1.01360338527213,1.00166493826699,0.978394085926438,0.954900339553795,0.95830562906035,0.971191106230201
"246",40.5907984645886,0.00195135984323349,0.971187765107224,1.01136271954322,1.048988294078,1.04670374822645,1.02015077962512,0.994470694785032,1.00029392951773,1.01360338527213,1.00166493826699,0.978394085926438,0.954900339553795,0.95830562906035
